SHIFT_ID,WORKER_ID,WORKPLACE_ID,SHIFT_START_AT,SHIFT_CREATED_AT,OFFER_VIEWED_AT,DURATION,SLOT,CLAIMED_AT,DELETED_AT,IS_VERIFIED,CANCELED_AT,IS_NCNS,PAY_RATE,CHARGE_RATE
6757580b1e2d97752fd69167,65b01f2e46c0645699081cbe,5e7e45243bfbb200165914ae,2024-12-09 23:00:00,2024-12-09 20:50:19,2024-12-09 21:18:42,8,pm,,,FALSE,,FALSE,21.29,29
675d37d8a1ca6192a74d23f4,65298a18cc967a5cebbd40b6,5e1ce78827ff480016e9133e,2024-12-14 22:30:00,2024-12-14 7:46:32,2024-12-14 13:19:30,9,pm,,2024-12-14 19:23:43,FALSE,,FALSE,23.23,30
67550bddd79613f860549322,6696d1c1d0200bf317ee5d3c,626b0b89596c0601c2c39642,2024-12-08 15:00:00,2024-12-08 3:00:46,2024-12-08 4:04:14,6,am,,,FALSE,,FALSE,21.97,30
66f5d05de01fd3697b18c206,66b285d5d0200bf317738e59,5cb9f07135163900163f532c,2024-09-27 14:00:00,2024-09-26 21:21:34,2024-09-27 4:19:45,8,am,,,FALSE,,FALSE,19.05,28
66ee3848e62bb5f43e3baee5,620c6429e2ceb601ad203920,611af67795f4c501662edb31,2024-10-08 21:30:00,2024-09-21 3:06:48,2024-10-06 0:46:37,8,pm,,,FALSE,,FALSE,22.13,24
67254195894c05fb0e389089,62310b576d05fc01b11922ec,612e88a59e065601668a13a4,2024-11-02 14:00:00,2024-11-01 21:01:09,2024-11-02 0:04:48,8,am,,,FALSE,,FALSE,21.73,28
677b553df0e33d9606282ec6,632565c79603d78083c25520,6081f3fc667fa6016195942c,2025-01-06 6:00:00,2025-01-06 3:59:58,2025-01-06 4:13:02,8,noc,,,FALSE,,FALSE,34.02,33
6709378437c8617d291cb35f,6359acc47ccb0c3b069c2321,5ebf1773a253570017a27da2,2024-10-27 13:00:00,2024-10-11 14:34:44,2024-10-25 22:21:23,8,am,,,FALSE,,FALSE,22.34,30
6747959cb122747e61a85baf,5dd458d4c4f6e9001604d01b,5ebf16f8fe8b200017aebe0f,2024-12-29 7:00:00,2024-11-27 21:56:45,2024-11-28 14:51:32,8,noc,,,FALSE,,FALSE,21.76,26
67854c3deb70a77b480da8cb,64f1705cbe202a3a2e09e4e7,637e71fd4a702e01b5e6261b,2025-01-15 21:00:00,2025-01-13 17:24:14,2025-01-13 23:13:50,4,am,,2025-01-14 18:31:52,FALSE,,FALSE,19.96,28
66ff691d27d57377b9ddef59,62f0253f331adb01bbc73855,61a568e0cb11990185bb97c7,2024-10-14 21:30:00,2024-10-04 4:03:42,2024-10-05 14:11:34,9,pm,,2024-10-09 6:21:26,FALSE,,FALSE,24.99,39
67128bf118a869b9aa05a8bf,652962a4cc967a5cebad0f15,5e95d5f5cf5e8d001653314e,2024-10-18 22:00:00,2024-10-18 16:25:22,2024-10-18 17:12:30,8,pm,,,FALSE,,FALSE,21.74,37
6744ed8a8b463db065ed4a93,624678e0fb16d401aacd1104,5c06fe1f61d521000488a0f2,2024-12-09 22:30:00,2024-11-25 21:35:06,2024-12-09 17:56:43,9,pm,,,FALSE,,FALSE,20.43,29
67799b0e4ba9345a791df98b,64b47d3adeef5579a89359e8,61f1d66bcc1e0a018a32786c,2025-01-05 14:30:00,2025-01-04 20:33:18,2025-01-05 7:37:01,8,am,,,FALSE,,FALSE,28.66,36
671a0cee4bf9c580b6a3c2b5,63aefbcdc01b7dd0c704d6be,611af67795f4c501662edb31,2024-11-18 22:30:00,2024-10-24 9:01:35,2024-10-25 23:21:29,8,pm,,,FALSE,,FALSE,21.48,24
67759c18263ff994cffae5ac,61a5a4471496960180ad96f7,622fd7d048ade501b1ab4b15,2025-01-02 15:00:00,2025-01-01 19:48:41,2025-01-01 21:17:05,8,am,,,FALSE,,FALSE,23.49,41
676f079972b743d2d0bd837d,67670516f75c101b27b76ef6,5c06fe1f61d521000488a0f2,2025-01-06 22:30:00,2024-12-27 20:01:30,2025-01-06 19:00:33,9,pm,,2025-01-06 19:32:17,FALSE,,FALSE,21.91,29
6769b06fddca963315409678,61ecf2487a0e87018a41e2fa,637e71fd4a702e01b5e6261b,2025-01-08 13:00:00,2024-12-23 18:48:16,2025-01-08 9:54:55,12,am,,,FALSE,,FALSE,20.21,28
66ee374ece12111c27fe4eab,6347ca34fb9a096b9ecec565,611af67795f4c501662edb31,2024-10-27 13:30:00,2024-09-21 3:02:39,2024-09-30 6:44:08,8,am,,2024-10-25 18:58:22,FALSE,,FALSE,22.46,24
6710fa7f47d8cb8db78404f8,61ddc33ef2fac2018a27e32e,61c3ac32bc5db301874bf1e5,2024-10-17 21:00:00,2024-10-17 11:52:31,2024-10-17 12:16:30,8,pm,,,FALSE,,FALSE,29.63,28
66ee394ce62bb5f43e3bdf87,637637a27ccb0c3b06b86e74,611af67795f4c501662edb31,2024-10-30 21:30:00,2024-09-21 3:11:08,2024-10-05 21:51:18,8,pm,,,FALSE,,FALSE,22.33,24
66f6f802e430e1761c511330,66e20a49f472d33b68d1e969,5e95d5f5cf5e8d001653314e,2024-10-01 6:00:00,2024-09-27 18:22:58,2024-09-28 8:40:12,8,noc,,,FALSE,,FALSE,21.5,37
678020f7601ed9fc4c0b3312,664baacd53f8a9d7f3d25c72,5c06fe1f61d521000488a0f2,2025-01-10 14:30:00,2025-01-09 19:18:16,2025-01-10 2:55:10,9,am,,,FALSE,,FALSE,21.76,29
67632ce1b46a095673e82f70,67263ec29dd6fa0b684a603c,5ebf09a7fe8b200017aeb9eb,2024-12-19 22:30:00,2024-12-18 20:13:22,2024-12-19 5:53:00,8,pm,,,FALSE,,FALSE,22.39,26
6742a9548c7cdd4914f5973e,62ca29de4c287a01be51f17f,61a568e0cb11990185bb97c7,2024-11-24 14:30:00,2024-11-24 4:19:33,2024-11-24 5:58:31,8,am,,,FALSE,,FALSE,27.4,39
671a0bd2dbb054d29836e70b,66ea226ff472d33b6874804f,611af67795f4c501662edb31,2024-11-03 22:30:00,2024-10-24 8:56:51,2024-10-29 12:55:47,8,pm,,,FALSE,,FALSE,21.83,24
675c96f5b2ce577dd5309669,61033d21fdf82d0166b996be,5ebf09a7fe8b200017aeb9eb,2024-12-14 22:30:00,2024-12-13 20:20:05,2024-12-13 22:42:19,8,pm,,,FALSE,,FALSE,22.66,26
6769d2f0be552a750e270c7d,646ecf534107b99bc1166353,5ebf09a7fe8b200017aeb9eb,2024-12-26 22:30:00,2024-12-23 21:15:28,2024-12-23 21:31:58,8,pm,2024-12-23 21:32:12,,TRUE,,FALSE,21.82,26
6770c8845b9214031e3dfe69,638dc6c1528ff985647efc84,5ecc20d1a451e60017ab56f7,2024-12-29 22:30:00,2024-12-29 3:56:53,2024-12-29 5:02:44,9,pm,,,FALSE,,FALSE,21.7,37
677877838b451c79d0b1edc7,6648da6653f8a9d7f3fc8c6b,613a636b4be49701666cf108,2025-01-04 14:30:00,2025-01-03 23:49:23,2025-01-04 9:04:12,8,am,,,FALSE,,FALSE,26.4,46
67414435f8594d509362910e,661a984cb44011b92c0f7105,649f57a45a8bae01b9de5dce,2024-11-23 6:00:00,2024-11-23 2:55:49,2024-11-23 4:46:05,8,noc,,,FALSE,,FALSE,22.11,37
67228837be91ce3dde8a1a9f,62f87c901035de01b62c6173,5c06fe1f61d521000488a0f2,2024-10-31 13:30:00,2024-10-30 19:25:43,2024-10-31 4:11:18,9,am,,,FALSE,,FALSE,21.84,29
6722b14ea96a947c70aeebc1,61ad630474b74b01863fd409,5c06fe1f61d521000488a0f2,2024-10-31 13:30:00,2024-10-30 22:21:03,2024-10-31 12:19:50,9,am,,,FALSE,,FALSE,20.77,29
677accaa240915e54c9446e6,655cc9597ff7c6eee557d150,61f1d66bcc1e0a018a32786c,2025-01-06 22:30:00,2025-01-05 18:17:15,2025-01-05 23:23:22,8,pm,2025-01-05 23:23:26,,TRUE,,FALSE,25.39,36
677dfa48468bc07219ae7d83,66480ea453f8a9d7f38d3970,5c82b3dfa08cb800166dc04d,2025-01-08 14:30:00,2025-01-08 4:08:40,2025-01-08 7:23:19,8,am,,,FALSE,,FALSE,22.71,28
6769c4069ffb4af5523e8739,63dc508008d1f563244d90b5,5f2da77e9dc6600016c2d37f,2024-12-24 6:30:00,2024-12-23 20:11:51,2024-12-23 21:21:25,8,noc,,,FALSE,,FALSE,25.12,30
6788606e5efd8942d3347c8f,667541c50c8bae033d2113ba,613a636b4be49701666cf108,2025-01-16 14:30:00,2025-01-16 1:27:11,2025-01-16 6:02:18,8,am,,,FALSE,,FALSE,21.82,46
6769f29930e1798d5516fe9c,666bee0953f8a9d7f3ab96a4,642840e751689b01bbf107b9,2024-12-24 14:00:00,2024-12-23 23:30:34,2024-12-24 1:01:15,8,am,,,FALSE,,FALSE,22.46,36
66fda9938660269a71681b79,66b3fd8280985b3f55242852,610c3e4bb0d8850166b2bd41,2024-10-02 21:00:00,2024-10-02 20:14:11,2024-10-02 20:25:43,8,pm,,,FALSE,,FALSE,24.34,31
66f66f7bd4d0fab6c06919c8,61b0bc8d15a77b01848193c9,6682fbd431094eacf70b20f1,2024-09-27 13:15:00,2024-09-27 8:40:27,2024-09-27 9:09:06,8,am,,,FALSE,,FALSE,20.88,37
66f98538ac3b0b488087e739,645ea96e4107b99bc1baa38f,5ebf09a7fe8b200017aeb9eb,2024-10-26 21:30:00,2024-09-29 16:50:01,2024-10-01 17:32:37,8,pm,,,FALSE,,FALSE,23.42,26
670c2e15642c9c40efa4cc2b,6582a9ce27861cb389021569,5ebf09a7fe8b200017aeb9eb,2024-10-15 5:30:00,2024-10-13 20:31:18,2024-10-14 4:31:29,8,noc,,2024-10-14 17:48:19,FALSE,,FALSE,22.64,26
6711604f4df5e657d1095e7a,655f7d567ff7c6eee59e6b18,63c6f41d89b71301b666627f,2024-10-18 13:00:00,2024-10-17 19:06:55,2024-10-17 21:29:00,8,am,,,FALSE,,FALSE,22.19,38
66eb4b17839939b892c2aaa0,6186df0a4d66a10185fa69c4,65428c5eb9ae7bfe06a31fec,2024-10-09 12:00:00,2024-09-18 21:50:15,2024-10-09 12:48:45,12,am,,2024-10-09 21:05:28,FALSE,,FALSE,31.83,39
671a0b7b4bf9c580b6a3bd74,64bef111deef5579a835c216,611af67795f4c501662edb31,2024-11-04 6:30:00,2024-10-24 8:55:24,2024-11-03 19:30:17,8,noc,,,FALSE,,FALSE,21.82,24
6788606e5efd8942d3347c8f,61b8b2c0ea51e90185af1730,613a636b4be49701666cf108,2025-01-16 14:30:00,2025-01-16 1:27:11,2025-01-16 5:17:01,8,am,,,FALSE,,FALSE,22.72,46
66f3181b1b23114840860078,64fbab52be202a3a2e544f64,5c539532fe63b800166ddb2d,2024-09-27 5:30:00,2024-09-24 19:50:52,2024-09-25 2:17:55,8,noc,2024-09-25 2:18:48,,TRUE,,FALSE,23.46,30
6770695f5b9214031e39835b,5c7591979ff98e00161a445e,5e1ce78827ff480016e9133e,2024-12-28 22:30:00,2024-12-28 21:10:56,2024-12-28 21:16:57,9,pm,,,FALSE,,FALSE,24.1,30
670a6137064901cc8b2d4b93,64dbf9faffacc00ad3cd8faf,615b663fbd4bd10188739177,2024-10-12 13:00:00,2024-10-12 11:44:55,2024-10-12 12:16:24,8,am,,2024-10-12 13:16:20,FALSE,,FALSE,23.03,43
671bc95316336d3df25f1a24,632f8b049603d78083671e58,5c06fe1f61d521000488a0f2,2024-11-10 6:30:00,2024-10-25 16:37:40,2024-10-27 2:17:15,9,noc,,,FALSE,,FALSE,21.09,29
6727e4846ab2a5fbb3486aa7,6213c53836bd1501a97c5dbb,611af67795f4c501662edb31,2024-11-04 6:30:00,2024-11-03 21:00:53,2024-11-03 21:14:09,8,noc,,,FALSE,,FALSE,24.56,24
6707d5583eee6ae448861e00,61ea5ba16df15d018b2965d2,66fc129ed5b34b9bd50b7626,2024-10-23 21:00:00,2024-10-10 13:23:37,2024-10-15 16:24:29,8,pm,,,FALSE,,FALSE,23.11,33
6751402edef141050d25650d,61e60b3f34d4ec018bd81be6,65428c5eb9ae7bfe06a31fec,2024-12-09 1:00:00,2024-12-05 5:54:54,2024-12-07 10:38:31,12,pm,,,FALSE,,FALSE,32.51,39
66f768ede430e1761c5b0928,66da444df472d33b689696b2,611bc90b8a1a140166c0a051,2024-09-28 9:00:00,2024-09-28 2:24:45,2024-09-28 4:25:13,4,am,,,FALSE,,FALSE,28.06,35
6716d77eeaf203a9be830901,6436fc7404ac6a540c378aac,60257cdc1cd3a100160c67cf,2024-10-22 13:00:00,2024-10-21 22:36:46,2024-10-22 2:30:04,8,am,,,FALSE,,FALSE,22.59,32
66fc869486cd008f193f0a09,627c0513efb13c01c18a13be,64790906cb044d01b9691969,2024-10-04 21:00:00,2024-10-01 23:32:37,2024-10-02 21:53:09,8,pm,,,FALSE,,FALSE,22.78,37
671943e47d388faa5dfec7e2,65e021a5bb0ca701643fa912,637e71fd4a702e01b5e6261b,2024-11-27 13:00:00,2024-10-23 18:43:49,2024-10-30 16:50:47,12,am,,,FALSE,,FALSE,20.29,28
671ed17708311c3f23e82a06,63a503cac01b7dd0c72937ef,65f1b8bf2ff976b93afd5d8b,2024-10-29 13:30:00,2024-10-27 23:49:11,2024-10-29 11:25:38,9,am,,,FALSE,,FALSE,32.74,34
67227c41777baa9fbaa1e91b,60ff27f3eeac100166eb707f,5ebf09a7fe8b200017aeb9eb,2024-11-05 22:30:00,2024-10-30 18:34:42,2024-11-02 2:19:15,8,pm,,,FALSE,,FALSE,21.31,26
6757ba73899ca7f1f08b9aee,66a6dfe5d0200bf3174a889c,5c06fe1f61d521000488a0f2,2024-12-10 14:30:00,2024-12-10 3:50:12,2024-12-10 5:16:59,9,am,,,FALSE,,FALSE,20.61,29
673bcd2e78ed5ec57ad19520,662341dab44011b92c928bab,649cab49c4c12701bb7a2350,2024-11-19 14:00:00,2024-11-18 23:26:38,2024-11-19 14:07:48,8,am,,,FALSE,,FALSE,44.41,31
674f70cd3155cc63fca555c5,632565c79603d78083c25520,65f1b8bf2ff976b93afd5d8b,2024-12-03 22:30:00,2024-12-03 20:57:49,2024-12-03 21:22:43,9,pm,,,FALSE,,FALSE,33.99,34
66f6ede2845b23c74e4cff89,5fb81191f9b76b00165e9447,61f1d66bcc1e0a018a32786c,2024-10-02 5:30:00,2024-09-27 17:39:47,2024-10-01 22:20:29,8,noc,,,FALSE,,FALSE,27.11,36
675a6f624d7ec2fcbac4f766,64acca11deef5579a8479b40,5e47201390bc130016bbe03f,2024-12-12 14:30:00,2024-12-12 5:06:42,2024-12-12 6:26:27,8,am,,,FALSE,,FALSE,19.29,33
67608e78b0d36023287b956f,6447aa0304ac6a540c09528d,617195fe61cfc6016a47a1de,2024-12-16 23:00:00,2024-12-16 20:32:56,2024-12-16 20:44:40,8,pm,2024-12-16 20:45:14,,TRUE,,FALSE,27.92,38
675d37d993db0b09c88a958b,644e38f6b13deaf45f66df74,5e1ce78827ff480016e9133e,2024-12-14 22:30:00,2024-12-14 7:46:34,2024-12-14 13:19:58,9,pm,,,FALSE,,FALSE,23.76,30
6771698eae8c35b671587180,61d47bc0cd4cae018ac50317,6397792db6b96101b60b854e,2024-12-29 17:00:00,2024-12-29 15:23:58,2024-12-29 15:43:16,5,am,,,FALSE,,FALSE,24.61,32
67056362a2f3c87c6d5e4a78,659aed8627861cb38932d1bd,644ad704e30bb601b9ec5b76,2024-11-03 0:00:00,2024-10-08 16:52:50,2024-10-16 15:50:13,13,pm,,2024-10-30 22:18:01,FALSE,,FALSE,32.63,39
67630c119afbd87e7ed34609,6239e9a5712d5701aac7027f,61f1d66bcc1e0a018a32786c,2024-12-22 14:30:00,2024-12-18 17:53:21,2024-12-19 0:52:58,8,am,2024-12-19 0:53:41,,TRUE,,FALSE,25.43,36
6776faf04ac5463fcd748cfe,61b6a62a22234101809f68f7,5c06fe1f61d521000488a0f2,2025-01-04 7:00:00,2025-01-02 20:45:36,2025-01-04 5:34:52,8,noc,,,FALSE,,FALSE,27.46,29
670a82e0642c9c40ef9199d2,6640551b5859f42389c8c515,5ebf16f8fe8b200017aebe0f,2024-10-12 14:30:00,2024-10-12 14:08:32,2024-10-12 14:18:00,8,am,,,FALSE,,FALSE,26.74,26
678daacfe4282e13628fb37e,612e6c85b3339d01662ea08b,5ebf09a7fe8b200017aeb9eb,2025-01-20 14:30:00,2025-01-20 1:45:51,2025-01-20 3:31:41,8,am,,,FALSE,,FALSE,22.08,26
675f1812df7fc85cf0384a35,65b6eff346c0645699697987,5bdb65eb27415b0004330ace,2024-12-16 6:30:00,2024-12-15 17:55:30,2024-12-15 22:44:13,9,noc,,2024-12-16 4:13:59,FALSE,,FALSE,23.1,32
671a0ac64bf9c580b6a3ba54,6374b85d7ccb0c3b064f6471,611af67795f4c501662edb31,2024-11-18 14:30:00,2024-10-24 8:52:22,2024-11-03 16:43:33,8,am,,,FALSE,,FALSE,22.06,24
6725066694972718e30a12f4,64fbb34fbe202a3a2e966adf,5bdb65eb27415b0004330ace,2024-11-02 5:30:00,2024-11-01 16:48:39,2024-11-01 19:05:59,9,noc,,2024-11-01 19:07:38,FALSE,,FALSE,22.27,32
671db592f5db8287b6562b61,64b2029cdeef5579a87e312e,61a568e0cb11990185bb97c7,2024-10-27 13:30:00,2024-10-27 3:37:55,2024-10-27 4:17:27,8,am,,,FALSE,,FALSE,26.55,39
675d0f8b292873557b20f020,652a165bcc967a5cebee2ced,5f06247c293f5c00178ae4cf,2024-12-14 14:30:00,2024-12-14 4:54:35,2024-12-14 5:18:20,9,am,,,FALSE,,FALSE,26.47,30
675c4a8f9d3bdfa130807914,673e900785353a6222a70cbe,5e95d5f5cf5e8d001653314e,2024-12-13 23:00:00,2024-12-13 14:54:07,2024-12-13 16:18:09,8,pm,,,FALSE,,FALSE,23.73,37
66ff6911c1681f7b224e84fe,645c704d4107b99bc19de142,61a568e0cb11990185bb97c7,2024-10-14 13:30:00,2024-10-04 4:03:29,2024-10-14 6:02:40,9,am,,,FALSE,,FALSE,26.99,39
6742987a8fb881da9bc223b7,63b74ec9c01b7dd0c7b0cfbd,5ebf09a7fe8b200017aeb9eb,2024-11-24 6:30:00,2024-11-24 3:07:38,2024-11-24 5:21:35,8,noc,,,FALSE,,FALSE,21.78,26
674fd9051f68ce19345cbcd3,66254a1cb44011b92c9d7347,649f57a45a8bae01b9de5dce,2024-12-04 6:00:00,2024-12-04 4:22:29,2024-12-04 5:04:53,8,noc,,,FALSE,,FALSE,20.65,37
66f985551141258d42153082,642c937fd16cc8d40b170ab4,5ebf09a7fe8b200017aeb9eb,2024-10-11 21:30:00,2024-09-29 16:50:30,2024-10-01 18:48:40,8,pm,,2024-10-10 19:22:25,FALSE,,FALSE,21.48,26
6751e70ad8c2aacbf35a7889,645baa394107b99bc167e7a4,5ebf09a7fe8b200017aeb9eb,2024-12-07 6:30:00,2024-12-05 17:46:51,2024-12-06 22:13:45,8,noc,,2024-12-07 1:01:34,FALSE,,FALSE,21.45,26
66ee3920e62bb5f43e3bd704,664fba9a53f8a9d7f386d394,611af67795f4c501662edb31,2024-10-26 21:30:00,2024-09-21 3:10:24,2024-10-05 3:40:32,8,pm,,2024-10-24 14:11:41,FALSE,,FALSE,21.64,24
677452257bec7b98532b7556,62455d2195dd7e01a88e87d4,61c3ac32bc5db301874bf1e5,2025-01-03 22:00:00,2024-12-31 20:20:53,2025-01-02 15:41:36,8,pm,,,FALSE,,FALSE,17.27,28
66f7495f6ab7904e2397bc0f,63cd8954fe7ae5e658d0e2e9,5f5bca132f95160016b723ff,2024-09-29 21:30:00,2024-09-28 0:10:07,2024-09-28 5:05:57,9,pm,,,FALSE,,FALSE,21.74,37
6769f0af39b10d0ab93b2279,63cdebabfe7ae5e6580bf84b,6682fbd431094eacf70b20f1,2024-12-24 6:30:00,2024-12-23 23:22:23,2024-12-24 6:05:47,9,noc,,,FALSE,,FALSE,27.81,37
6769751964c73ed694054871,61db0833a7e88d018afcbe2d,5ebf1773a253570017a27da2,2024-12-24 14:00:00,2024-12-23 14:35:05,2024-12-24 5:21:04,8,am,,,FALSE,,FALSE,21.27,30
6717e6a02d2b838e06fad9b9,62de22a594ba2801b5f4bee0,61f1d66bcc1e0a018a32786c,2024-10-31 13:30:00,2024-10-22 17:53:36,2024-10-22 18:25:49,8,am,,,FALSE,,FALSE,26.09,36
677710e6313ce62aeeba7181,6295979fb8741c01bfaff6e8,5c06fe1f61d521000488a0f2,2025-01-06 14:30:00,2025-01-02 22:19:19,2025-01-06 15:36:09,9,am,,,FALSE,,FALSE,38.66,29
678d8221bfb372556054dbc8,64c625e9ffacc00ad3abe069,5fffa958539a730016772b5c,2025-01-19 23:00:00,2025-01-19 22:52:17,2025-01-20 0:06:47,7,pm,,,FALSE,,FALSE,31.99,26
6706669d8748b50b72b96117,66662299f3bec61b98a84096,5bce18de63e1a40004b3ddd4,2024-10-09 14:00:00,2024-10-09 11:18:53,2024-10-09 12:17:08,8,am,,,FALSE,,FALSE,23.81,28
6774597d0fdf0c199ca48d38,6459183db13deaf45f4e93cf,5e95d5f5cf5e8d001653314e,2024-12-31 23:00:00,2024-12-31 20:52:14,2024-12-31 21:25:58,8,pm,,,FALSE,,FALSE,39.34,37
677c3308e8f68f45dda94a95,66777a160c8bae033d1e7152,5c06fe1f61d521000488a0f2,2025-01-15 22:30:00,2025-01-06 19:46:16,2025-01-06 20:09:33,9,pm,,,FALSE,,FALSE,21.9,29
66fa9fe1dbd298c032e85439,5de9450f15fada0016ddc0e6,5bdb65eb27415b0004330ace,2024-10-02 5:30:00,2024-09-30 12:56:02,2024-09-30 18:38:32,8,noc,,2024-10-01 19:01:49,FALSE,,FALSE,22.49,32
67477f008273e6ac81074db5,63ae77abc01b7dd0c76bb8b1,5ebf16f8fe8b200017aebe0f,2024-12-13 15:00:00,2024-11-27 20:20:17,2024-12-13 15:51:12,8,am,,,FALSE,,FALSE,37.93,26
66fa16b61141258d4220854d,6701b276f472d33b6864fb73,611af67795f4c501662edb31,2024-10-20 5:30:00,2024-09-30 3:10:46,2024-10-14 18:42:34,8,noc,,2024-10-18 19:57:18,FALSE,,FALSE,21.7,24
675cde3827c56ae35b11fbf7,5da4ccb3953a33001671c385,5e5e85ea43a2390016e3d65c,2024-12-14 7:00:00,2024-12-14 1:24:08,2024-12-14 2:20:48,8,noc,,2024-12-14 2:50:52,FALSE,,FALSE,19.47,28
677d981b91ea7af6e170db09,6388dbc73c138554700431c4,5e1ce78827ff480016e9133e,2025-01-07 23:00:00,2025-01-07 21:09:47,2025-01-07 21:22:18,8,pm,,,FALSE,,FALSE,26.26,30
67267de6fc379fd212f25e5a,664a06c853f8a9d7f35f6f4e,649cab49c4c12701bb7a2350,2024-11-02 21:00:00,2024-11-02 19:30:46,2024-11-02 20:34:20,8,pm,,,FALSE,,FALSE,26.8,31
67630fcd12ac55c6a604bdf5,661fe895b44011b92c9c6bbe,5c06fe1f61d521000488a0f2,2024-12-21 6:30:00,2024-12-18 18:09:17,2024-12-21 5:08:49,9,noc,,,FALSE,,FALSE,30.8,29
6765cc207edb4a93246c5f3e,623ad44a712d5701aa03a0ee,613a636b4be49701666cf108,2024-12-21 14:30:00,2024-12-20 19:57:21,2024-12-20 19:57:55,8,am,,,FALSE,,FALSE,23.07,46
675a51c1138e7e32ec80f8b5,62fa6bf92b2ec901ba04671e,5c06fe1f61d521000488a0f2,2024-12-14 6:30:00,2024-12-12 3:00:18,2024-12-12 20:33:25,9,noc,,2024-12-13 20:05:45,FALSE,,FALSE,22.21,29
676f222972b743d2d0c8a556,62faf12a4e1c8c01b7583871,5ebf09a7fe8b200017aeb9eb,2025-01-03 22:30:00,2024-12-27 21:54:50,2024-12-31 0:31:40,8,pm,,,FALSE,,FALSE,21.27,26
672115077fca77a92136b8d1,6359acc47ccb0c3b069c2321,5e1ce78827ff480016e9133e,2024-11-01 13:30:00,2024-10-29 17:02:00,2024-10-31 20:00:05,9,am,,,FALSE,,FALSE,22.93,30
6723a64fef1c66c5c8380899,64aca2eddeef5579a83c832b,5ebf09a7fe8b200017aeb9eb,2024-10-31 21:30:00,2024-10-31 15:46:24,2024-10-31 21:20:51,8,pm,,,FALSE,,FALSE,21.9,26
6725a3adc8d21d6f48d0f10a,65ff6c246b5cf28219b60f52,5fd299d89343550016d5599f,2024-11-02 13:00:00,2024-11-02 3:59:41,2024-11-02 4:29:11,8,am,,,FALSE,,FALSE,25.32,31
6758ad498ddf8640780adb68,61f56467d16a70018ac9e517,5f04de7b68380400171fd345,2024-12-13 23:00:00,2024-12-10 21:06:18,2024-12-12 5:53:32,8,pm,,,FALSE,,FALSE,19.63,30
678011698fce7cc6cffa7cfe,63df638508d1f56324db77bb,5e8f18c7c2980b00164326a9,2025-01-10 15:00:00,2025-01-09 18:11:54,2025-01-09 20:36:09,12,am,,,FALSE,,FALSE,20.48,34
676b1c2f39b10d0ab94be18d,62c8bbac284bdb01c1bf4f0b,65fde23ff14f0eebdc8178d2,2024-12-25 14:00:00,2024-12-24 20:40:16,2024-12-24 21:37:28,8,am,,2024-12-24 21:42:38,FALSE,,FALSE,36.7,32
66e4c724bba1eed225403295,618618c54425b3018534e07c,644ad704e30bb601b9ec5b76,2024-09-30 0:00:00,2024-09-13 23:13:41,2024-09-20 11:37:39,12,pm,,,FALSE,,FALSE,31.13,39
67815d3663d2cf1ef8494059,669a5780d0200bf317edfce8,61254ca13eea47016699c143,2025-01-11 15:00:00,2025-01-10 17:47:35,2025-01-10 21:22:57,8,am,,2025-01-10 22:51:00,FALSE,,FALSE,21.39,38
6708bbbd888175afe404baff,63c0c81dfe7ae5e658c2795f,5ebf16f8fe8b200017aebe0f,2024-10-11 14:00:00,2024-10-11 5:46:38,2024-10-11 12:23:42,8,am,,,FALSE,,FALSE,21.16,26
6729436938a3e3cbb7390a96,5b735669a2dad30014cd3707,61f1d66bcc1e0a018a32786c,2024-11-27 22:30:00,2024-11-04 21:58:02,2024-11-17 23:03:10,8,pm,,2024-11-19 23:37:23,FALSE,,FALSE,25.15,36
678020f7601ed9fc4c0b3312,64dfe2c13aa6333ac612e5a7,5c06fe1f61d521000488a0f2,2025-01-10 14:30:00,2025-01-09 19:18:16,2025-01-10 5:20:07,9,am,,,FALSE,,FALSE,20.92,29
678688815d01090197389222,6781f8d4f75c101b2788c1f7,5ebf16f8fe8b200017aebe0f,2025-01-14 23:00:00,2025-01-14 15:53:38,2025-01-14 20:24:09,8,pm,,,FALSE,,FALSE,21.13,26
676f222d136cc3470d19f299,62abbf4a2293b501c04e72e9,5ebf09a7fe8b200017aeb9eb,2025-01-04 22:30:00,2024-12-27 21:54:54,2024-12-30 8:54:50,8,pm,,,FALSE,,FALSE,22.09,26
66ee36dce62bb5f43e3b36bd,63a29e64c01b7dd0c71ccfbf,611af67795f4c501662edb31,2024-10-18 13:30:00,2024-09-21 3:00:44,2024-10-18 12:22:41,8,am,,,FALSE,,FALSE,22.09,24
6722b14ea96a947c70aeebc1,62015c49c48ee901a83495ec,5c06fe1f61d521000488a0f2,2024-10-31 13:30:00,2024-10-30 22:21:03,2024-10-31 12:23:30,9,am,,,FALSE,,FALSE,21.69,29
676f222767f4645cd8f6f0b7,6536b08702071e104186e847,5ebf09a7fe8b200017aeb9eb,2025-01-02 22:30:00,2024-12-27 21:54:47,2025-01-02 21:56:05,8,pm,,2025-01-02 22:15:31,FALSE,,FALSE,30.25,26
670d297cf61fcbf16d84f0c7,6200babfe574d701aa260ee5,615b663fbd4bd10188739177,2024-10-14 15:00:00,2024-10-14 14:23:56,2024-10-14 14:56:20,8,am,,2024-10-14 14:57:42,FALSE,,FALSE,22.53,43
66e1d7aadb3cd829d1acfa04,654003ce02071e10414f5bed,5c06fe1f61d521000488a0f2,2024-09-29 21:30:00,2024-09-11 17:47:22,2024-09-22 23:48:57,9,pm,,,FALSE,,FALSE,20.92,29
6774939264d37ece4fc0490b,6325cfcd9603d78083882405,61b0d0ed0a1f9a01805c0531,2025-01-01 2:00:00,2025-01-01 1:00:02,2025-01-01 1:07:06,12,noc,2025-01-01 1:07:20,,TRUE,,FALSE,48.43,40
67589d7b73fc07922a7ffb6e,6389329e3c13855470a88390,637e71fd4a702e01b5e6261b,2024-12-22 13:00:00,2024-12-10 19:58:51,2024-12-22 12:48:33,12,am,,,FALSE,,FALSE,22.63,28
6750a19ffa517e0c81612349,6746391285353a62228f056d,5ebf09a7fe8b200017aeb9eb,2024-12-06 6:30:00,2024-12-04 18:38:24,2024-12-04 22:36:42,8,noc,,,FALSE,,FALSE,21.62,26
66fee695286d19845333b66e,61e0244a50b42a018adfb81a,5e1ce78827ff480016e9133e,2024-10-03 21:30:00,2024-10-03 18:46:46,2024-10-03 20:19:08,9,pm,,,FALSE,,FALSE,22.04,30
671fcc20cc944afffaa93d2f,5dcc71cab7829900160bf312,5c06fe1f61d521000488a0f2,2024-11-21 22:30:00,2024-10-28 17:38:41,2024-11-11 17:30:45,9,pm,,,FALSE,,FALSE,21.97,29
67281bcd6ab2a5fbb34b6e97,663ec04e5859f423892db2db,65f1b8bf2ff976b93afd5d8b,2024-11-04 14:30:00,2024-11-04 0:56:45,2024-11-04 2:48:13,9,am,,,FALSE,,FALSE,26.86,34
67645ed0a30c9123b002635c,6412ca3a3b626832d72020e6,5bdb65eb27415b0004330ace,2024-12-24 22:30:00,2024-12-19 17:58:40,2024-12-24 1:56:00,9,pm,,,FALSE,,FALSE,29.93,32
675b53ff12d8fff891821bf4,669f46ccd0200bf31703debc,6197b1e6a706b30180020448,2024-12-12 22:30:00,2024-12-12 21:22:08,2024-12-12 21:41:39,8,pm,,,FALSE,,FALSE,21.17,34
6757f31b06a6944fe58c292f,61ef400d9c74a1018a391c4b,65428c5eb9ae7bfe06a31fec,2025-01-05 12:50:00,2024-12-10 7:51:56,2024-12-16 23:58:50,13,am,,2024-12-20 22:45:10,FALSE,,FALSE,32.3,39
670e9b9be4f7a3915b811fee,66173bbbb44011b92caadf6f,5e7266e3759cf60016d86c98,2024-11-29 23:00:00,2024-10-15 16:43:07,2024-11-12 2:00:05,8,pm,,,FALSE,,FALSE,20.71,34
675662a3c8e8f70542587875,62b921b0b8e55701c023bbf4,6682fbd431094eacf70b20f1,2024-12-09 14:00:00,2024-12-09 3:23:16,2024-12-09 8:19:55,8,am,,,FALSE,,FALSE,18.3,37
671a78474ab2cf945fc84318,63fd3da5b57721d93e46105e,64790906cb044d01b9691969,2024-10-26 21:00:00,2024-10-24 16:39:36,2024-10-25 6:31:31,8,pm,,,FALSE,,FALSE,23.84,37
673df0316440a1ca2b6b0676,5df81f3fcb8c71001613c7ee,617195fe61cfc6016a47a1de,2024-11-20 15:30:00,2024-11-20 14:20:33,2024-11-20 14:32:01,8,am,,,FALSE,,FALSE,24.17,38
671d64c1f5db8287b6520d95,6556f7557ff7c6eee5bc352e,649cab49c4c12701bb7a2350,2024-10-26 22:30:00,2024-10-26 21:53:05,2024-10-26 22:27:17,7,pm,,,FALSE,,FALSE,26.96,31
677481e764d37ece4fb9962b,61f84330838a27018a76e7a4,611af67795f4c501662edb31,2025-01-01 0:30:00,2024-12-31 23:44:39,2024-12-31 23:51:32,6,pm,,,FALSE,,FALSE,38.7,24
67816962fb46e945b28baaf1,673e620785353a62228b4e7e,6682fbd431094eacf70b20f1,2025-01-10 22:15:00,2025-01-10 18:39:31,2025-01-10 19:06:55,8,pm,,,FALSE,,FALSE,22.12,37
6777251d3e5e516d9143b775,662097a2b44011b92c6af30c,5ebf09a7fe8b200017aeb9eb,2025-01-08 22:30:00,2025-01-02 23:45:33,2025-01-08 21:14:14,8,pm,,,FALSE,,FALSE,30.42,26
671ae551b9278cdc5f0d303b,64729d3bbb6f19b9371d5a01,6682fbd431094eacf70b20f1,2024-10-31 21:15:00,2024-10-25 0:24:50,2024-10-25 6:30:37,8,pm,,,FALSE,,FALSE,20.14,37
675a7e09fe8a4c9eb6725a93,66bee0b893d8c27168364405,61f1d66bcc1e0a018a32786c,2024-12-12 14:30:00,2024-12-12 6:09:13,2024-12-12 7:06:00,8,am,,2024-12-12 13:20:35,FALSE,,FALSE,25.23,36
671a0b4f9e0dfa639bda2b9e,624e92bdf2ebbf01a6c279c9,611af67795f4c501662edb31,2024-11-01 21:30:00,2024-10-24 8:54:40,2024-10-24 21:55:07,8,pm,,,FALSE,,FALSE,22.59,24
678683d20a6bd12241b99e86,664d160053f8a9d7f3b7b2bd,610c3e4bb0d8850166b2bd41,2025-01-14 17:00:00,2025-01-14 15:33:39,2025-01-14 15:54:31,5,am,,,FALSE,,FALSE,25.17,31
678a08b6cabfb85f58c3e72a,669f2ab8d0200bf317f64aa4,5ebf16f8fe8b200017aebe0f,2025-01-18 7:00:00,2025-01-17 7:37:26,2025-01-17 7:37:27,8,noc,2025-01-17 7:37:27,,TRUE,,FALSE,21.05,26
676494fa82a9af76158f417a,61fd5a546768b001af175a3f,5bdb65eb27415b0004330ace,2024-12-31 22:30:00,2024-12-19 21:49:47,2024-12-21 6:52:51,9,pm,,2024-12-31 18:01:14,FALSE,,FALSE,30.09,32
67898ffac83265f3cb7c28b4,63475c48fb9a096b9ea521cb,5fcec4832f950000168c369d,2025-01-17 22:00:00,2025-01-16 23:02:19,2025-01-17 7:50:46,8,pm,,,FALSE,,FALSE,19.67,32
672e5e36e3bd10ffcfb0fa17,66ea226ff472d33b6874804f,613a636b4be49701666cf108,2024-11-09 6:30:00,2024-11-08 18:53:43,2024-11-08 20:12:30,8,noc,,,FALSE,,FALSE,20.83,46
66fd7fb41ae567c9012475d3,66965677d0200bf31770fd54,64790906cb044d01b9691969,2024-10-05 5:00:00,2024-10-02 17:15:32,2024-10-03 17:14:32,8,noc,,2024-10-04 22:10:18,FALSE,,FALSE,22.68,37
677edc3291d6de6ff13dbf2e,67104da282fcef7cc33f5c47,6233963a9f423f01aa0b8e0c,2025-01-08 22:00:00,2025-01-08 20:12:34,2025-01-08 21:00:13,8,pm,,,FALSE,,FALSE,24.6,37
6730268d89bfa312848111b0,6434f67ad16cc8d40ba3b249,611af67795f4c501662edb31,2024-11-10 14:30:00,2024-11-10 3:20:46,2024-11-10 5:21:01,8,am,,,FALSE,,FALSE,22.13,24
670ee25fcf88c63a1c8c443f,65373a5c02071e104187bc2b,5ebf1773a253570017a27da2,2024-10-18 21:00:00,2024-10-15 21:45:04,2024-10-16 4:06:36,8,pm,,2024-10-18 16:29:01,FALSE,,FALSE,22.37,30
67477f5728a0d5d6fb071236,66ddbd96f472d33b68b84452,5ebf16f8fe8b200017aebe0f,2024-12-24 15:00:00,2024-11-27 20:21:43,2024-12-23 3:46:39,8,am,,2024-12-23 21:31:18,FALSE,,FALSE,22.21,26
671d9404f5db8287b65414eb,620f161241bb5e01ac8471e0,5bdb65eb27415b0004330ace,2024-10-29 21:30:00,2024-10-27 1:14:45,2024-10-28 16:57:51,9,pm,,2024-10-29 15:32:26,FALSE,,FALSE,21.34,32
674e2e21c3fa36b6dc33014f,614b501cff90cc01668957d1,611af67795f4c501662edb31,2024-12-06 14:30:00,2024-12-02 22:01:06,2024-12-03 5:15:26,8,am,2024-12-03 5:15:32,,FALSE,,FALSE,21.71,24
67228819a96a947c70ac73db,628943dd892b3701c05ffa8f,5c06fe1f61d521000488a0f2,2024-10-31 13:30:00,2024-10-30 19:25:14,2024-10-30 20:21:21,9,am,,2024-10-30 21:52:44,FALSE,,FALSE,20.92,29
675cc77583c06daddeee7a1c,64520886b13deaf45f302a9e,641deef039646601c0df8cea,2024-12-14 23:00:00,2024-12-13 23:47:01,2024-12-13 23:47:15,8,pm,,,FALSE,,FALSE,21.85,32
66e1d83791c12f7524c0c345,624f155fc4ba4b01a01bc6d7,5c06fe1f61d521000488a0f2,2024-09-26 21:30:00,2024-09-11 17:49:44,2024-09-20 5:44:30,9,pm,,,FALSE,,FALSE,20.88,29
66fc4a65b47d8e2f24fb9c8e,660cfe5c6b5cf2821962c5c9,5e95d5f5cf5e8d001653314e,2024-10-03 14:00:00,2024-10-01 19:15:50,2024-10-03 1:26:20,8,am,,,FALSE,,FALSE,22.43,37
671a0ec9dbb054d29836f229,613e738ec54ccd0166822060,611af67795f4c501662edb31,2024-11-09 6:30:00,2024-10-24 9:09:29,2024-11-09 7:56:28,8,noc,,,FALSE,,FALSE,36.66,24
673698d8f8ae5cf7ba2c2862,6279c7d30c62cd01c15e1bf0,613a636b4be49701666cf108,2024-11-16 22:30:00,2024-11-15 0:42:00,2024-11-16 21:42:49,8,pm,,,FALSE,,FALSE,30.9,46
6755b46961297ef3227fb9c4,62b921b0b8e55701c023bbf4,5e95d5f5cf5e8d001653314e,2024-12-08 23:00:00,2024-12-08 14:59:53,2024-12-08 16:59:35,8,pm,,,FALSE,,FALSE,23.4,37
67813c6457a707f131e8c4c9,6325cfcd9603d78083882405,613a636b4be49701666cf108,2025-01-12 22:30:00,2025-01-10 15:27:33,2025-01-12 15:47:30,8,pm,,,FALSE,,FALSE,25.74,46
67631429b5c0fbdea4d89b57,61682c89b7bc96016a73c261,5ebf09a7fe8b200017aeb9eb,2024-12-18 22:30:00,2024-12-18 18:27:54,2024-12-18 21:18:16,8,pm,,,FALSE,,FALSE,22.17,26
67211707a1416f365f5eb9a4,64ee70d33aa6333ac66285b0,5e1ce78827ff480016e9133e,2024-11-03 5:30:00,2024-10-29 17:10:32,2024-10-31 2:53:13,10,noc,,2024-10-31 23:19:40,FALSE,,FALSE,22.77,30
676f90d9fab901a8e1f31580,614e1816fbf6640185dc971e,5f2305c10626e100169c6000,2024-12-28 14:30:00,2024-12-28 5:47:05,2024-12-28 13:16:47,9,am,,,FALSE,,FALSE,29.63,42
674a1744124cd43b120059f8,61314e1a2ae392016696b2f0,641deef039646601c0df8cea,2024-11-30 15:00:00,2024-11-29 19:34:28,2024-11-29 23:30:24,8,am,,,FALSE,,FALSE,22.59,32
675b4547eb1233e77822d3b0,645c6c534107b99bc185a228,65428c5eb9ae7bfe06a31fec,2024-12-20 1:00:00,2024-12-12 20:19:20,2024-12-13 1:48:03,12,pm,,2024-12-16 20:46:22,FALSE,,FALSE,32.42,39
671a0b5edbb054d29836e529,64d03d0effacc00ad345c9f7,611af67795f4c501662edb31,2024-11-02 21:30:00,2024-10-24 8:54:54,2024-11-01 21:52:56,8,pm,,,FALSE,,FALSE,24.64,24
67745490140f40e357fb34b4,5dcc71cab7829900160bf312,5ebf09a7fe8b200017aeb9eb,2025-01-04 22:30:00,2024-12-31 20:31:12,2025-01-04 20:58:17,8,pm,,,FALSE,,FALSE,32.68,26
6734f0edeafadff8c04c8061,633333119603d78083f77aef,60e8d8dc9a5c0a016647a652,2024-11-14 14:00:00,2024-11-13 18:33:18,2024-11-14 13:45:38,8,am,,,FALSE,,FALSE,38.91,35
675781f4d0d15309b6415d4d,61ef400d9c74a1018a391c4b,644ad704e30bb601b9ec5b76,2024-12-28 13:00:00,2024-12-09 23:49:08,2024-12-16 17:27:33,12,am,,2024-12-23 18:55:44,FALSE,,FALSE,33.33,39
677c010cf04da461495622c7,664d1cdc53f8a9d7f31882d0,5fcec4832f950000168c369d,2025-01-06 22:00:00,2025-01-06 16:13:01,2025-01-06 16:58:11,8,pm,,2025-01-06 17:00:18,FALSE,,FALSE,21.97,32
6770371a0ecfb3530a058b6a,614b501cff90cc01668957d1,5c82b3dfa08cb800166dc04d,2024-12-28 22:30:00,2024-12-28 17:36:27,2024-12-28 21:16:10,8,pm,,2024-12-28 21:35:14,FALSE,,FALSE,22.13,28
670ff11a5cdb691d2161d49e,62225cd7f5f74401a95d8166,66fc129ed5b34b9bd50b7626,2024-10-20 5:00:00,2024-10-16 17:00:11,2024-10-17 16:12:27,8,noc,,,FALSE,,FALSE,22.28,33
6709641879dcbd418248575c,642784a6d16cc8d40b6f45d2,5c06fe1f61d521000488a0f2,2024-10-13 13:30:00,2024-10-11 17:44:56,2024-10-12 9:42:20,9,am,,,FALSE,,FALSE,21.63,29
674a5cff2e0490f6ff97f058,654d2f337ff7c6eee5a8c88f,641deef039646601c0df8cea,2024-11-30 23:00:00,2024-11-30 0:31:59,2024-11-30 13:27:14,8,pm,,,FALSE,,FALSE,21.75,32
6705b1ac38303687ec6df9af,6001df03fc4eb6001662c503,6203e9b58fa46801a9ed5f21,2024-10-20 12:00:00,2024-10-08 22:26:52,2024-10-11 16:06:39,12,am,,,FALSE,,FALSE,22.32,31
671a0b724bf9c580b6a3bd48,66f04606f472d33b68703a25,611af67795f4c501662edb31,2024-11-03 5:30:00,2024-10-24 8:55:15,2024-10-24 20:22:10,9,noc,,,FALSE,,FALSE,22.56,24
6757727485c6bc1c5d321346,672c372d9dd6fa0b688ba94c,5c06fe1f61d521000488a0f2,2024-12-28 22:30:00,2024-12-09 22:43:00,2024-12-10 18:18:00,9,pm,,,FALSE,,FALSE,22.58,29
66ee38f3e62bb5f43e3bce83,662cad2db44011b92c43433d,611af67795f4c501662edb31,2024-10-22 21:30:00,2024-09-21 3:09:39,2024-10-13 18:49:47,8,pm,,,FALSE,,FALSE,21.27,24
670ff11a5cdb691d2161d49e,624d266dddbc8b01ad497e6c,66fc129ed5b34b9bd50b7626,2024-10-20 5:00:00,2024-10-16 17:00:11,2024-10-17 7:29:14,8,noc,,,FALSE,,FALSE,21.35,33
6706bfb08ea0de9e92786805,66f82703f472d33b68940ebb,611af67795f4c501662edb31,2024-10-10 13:30:00,2024-10-09 17:38:56,2024-10-09 20:20:08,8,am,,,FALSE,,FALSE,22.53,24
672541d4baa7f5602dede9e3,62200b3fb28b0301ad1612c1,612e88a59e065601668a13a4,2024-11-03 15:00:00,2024-11-01 21:02:13,2024-11-01 21:13:58,8,am,,,FALSE,,FALSE,27.8,28
66ee36f4e62bb5f43e3b4508,6163ee6905de4b016ae14080,611af67795f4c501662edb31,2024-10-20 13:30:00,2024-09-21 3:01:08,2024-10-18 5:40:32,8,am,,2024-10-19 0:06:57,FALSE,,FALSE,21.67,24
672e9331003a8b800fed4838,64c7df57ffacc00ad339e25d,5ebf1773a253570017a27da2,2024-11-11 22:00:00,2024-11-08 22:39:45,2024-11-09 6:05:27,8,pm,,,FALSE,,FALSE,21.77,30
6732a3dc6010645ea19e6031,6461a3284107b99bc1334db5,66fc129ed5b34b9bd50b7626,2024-11-13 14:00:00,2024-11-12 0:39:57,2024-11-13 6:40:59,8,am,,,FALSE,,FALSE,24.81,33
6726728f6ab2a5fbb335c843,653d561102071e1041a827c6,61a568e0cb11990185bb97c7,2024-11-03 5:30:00,2024-11-02 18:42:23,2024-11-02 20:17:54,9,noc,,,FALSE,,FALSE,28.12,39
66f869f5da8d24fd72442755,5e260d562401c2001668f76d,61a568e0cb11990185bb97c7,2024-09-29 13:30:00,2024-09-28 20:41:25,2024-09-29 3:32:29,9,am,,2024-09-29 3:44:06,FALSE,,FALSE,25.99,39
6757525d745cc04bc13886b8,670d692ef472d33b6809aad3,612e88a59e065601668a13a4,2024-12-10 7:00:00,2024-12-09 20:26:05,2024-12-10 3:58:39,8,noc,,,FALSE,,FALSE,34.46,28
678bfebd407aea5677e3f07a,6681bef50c8bae033dfcbfbf,613a636b4be49701666cf108,2025-01-19 14:30:00,2025-01-18 19:19:25,2025-01-18 21:23:06,8,am,,,FALSE,,FALSE,22.21,46
66f04131e62bb5f43e5a13f1,65bb215a46c0645699a50071,5f594c78bec4a800166418eb,2024-09-22 21:00:00,2024-09-22 16:09:21,2024-09-22 20:18:16,8,pm,,,FALSE,,FALSE,21.15,36
6764bac2b80408f1ba60491d,6344fe57fb9a096b9e019fe4,641deef039646601c0df8cea,2024-12-20 23:00:00,2024-12-20 0:30:58,2024-12-20 13:21:06,8,pm,,,FALSE,,FALSE,23.37,32
672fe4f3544c7ae818f47d68,61e9c645d7f6e4018a751153,5ebf09a7fe8b200017aeb9eb,2024-11-10 6:30:00,2024-11-09 22:40:52,2024-11-10 2:01:27,8,noc,,,FALSE,,FALSE,25.45,26
677c4236b9a6907046b7b548,643793d604ac6a540c13e5e8,6203e9b58fa46801a9ed5f21,2025-01-14 13:00:00,2025-01-06 20:51:02,2025-01-14 11:34:33,12,am,,,FALSE,,FALSE,22.63,31
675c56b5bb6000fee0df0a55,64c253e2ffacc00ad3f211ed,5e95d5f5cf5e8d001653314e,2024-12-13 17:00:00,2024-12-13 15:45:57,2024-12-13 16:21:54,6,am,,2024-12-13 16:34:41,FALSE,,FALSE,24.28,37
6779b79a15d132f418acd2ac,652f22b3c5c26218671585ab,64790906cb044d01b9691969,2025-01-05 22:00:00,2025-01-04 22:35:06,2025-01-05 5:18:20,8,pm,,2025-01-05 18:50:43,FALSE,,FALSE,23.96,37
66e72f129a96ae533d829d86,61158f2b7ae9ea0166e8aa44,5e95d5f5cf5e8d001653314e,2024-09-23 6:00:00,2024-09-15 19:01:39,2024-09-22 15:24:17,8,noc,,,FALSE,,FALSE,21.01,37
670c2e15642c9c40efa4cc2b,61f9d0add6a2b2018a9e14ca,5ebf09a7fe8b200017aeb9eb,2024-10-15 5:30:00,2024-10-13 20:31:18,2024-10-14 13:07:51,8,noc,,2024-10-14 17:48:19,FALSE,,FALSE,21.61,26
676a1fbc87448cb717a93eac,61be879761163e0185a9de6f,611af67795f4c501662edb31,2024-12-24 6:30:00,2024-12-24 2:43:09,2024-12-24 3:07:09,8,noc,,,FALSE,,FALSE,25.77,24
676f079a842b744af0008ffa,666bee0953f8a9d7f3ab96a4,5c06fe1f61d521000488a0f2,2025-01-06 22:30:00,2024-12-27 20:01:31,2024-12-30 18:41:26,9,pm,,,FALSE,,FALSE,20.63,29
6719387c11b1e71bb081f8b1,653889b502071e1041f2595b,637e71fd4a702e01b5e6261b,2024-11-17 13:00:00,2024-10-23 17:55:09,2024-11-14 6:22:29,12,am,,,FALSE,,FALSE,20.81,28
675bd9efd3e618346e3b5266,613feb5ae8a07a0166219a1d,5e1ce78827ff480016e9133e,2024-12-13 14:30:00,2024-12-13 6:53:35,2024-12-13 8:21:40,9,am,,,FALSE,,FALSE,24.5,30
66fb36bf9da7d5929b58aa80,6254671cc81e5201b071a447,5cb9f07135163900163f532c,2024-10-01 14:00:00,2024-09-30 23:39:43,2024-10-01 12:18:03,8,am,,,FALSE,,FALSE,19.55,28
6761e068e97901e273534dba,65243071cc967a5cebfbe61e,5c82b3dfa08cb800166dc04d,2024-12-18 14:30:00,2024-12-17 20:34:48,2024-12-17 21:18:01,8,am,,,FALSE,,FALSE,22.11,28
676f222972b743d2d0c8a556,66f5ab6bf472d33b68729fa5,5ebf09a7fe8b200017aeb9eb,2025-01-03 22:30:00,2024-12-27 21:54:50,2024-12-31 15:46:39,8,pm,,,FALSE,,FALSE,22.08,26
675c6010f034fa4577cd2fea,63a86b24c01b7dd0c71145c8,61c3ac32bc5db301874bf1e5,2024-12-14 14:00:00,2024-12-13 16:25:53,2024-12-14 2:34:48,8,am,,,FALSE,,FALSE,20.4,28
678688815d01090197389222,635ffc237ccb0c3b0600e16c,5ebf16f8fe8b200017aebe0f,2025-01-14 23:00:00,2025-01-14 15:53:38,2025-01-14 19:25:29,8,pm,,,FALSE,,FALSE,21.53,26
66fc1e107f2960ae46400c1f,619863e448142301808f7658,602db47f20bc3c0016d69381,2024-10-04 12:00:00,2024-10-01 16:06:40,2024-10-03 11:35:38,12,am,,,FALSE,,FALSE,24.9,37
67006bbe5ebd39c53eaeb132,65ebaa92bb0ca70164712164,5f90996f47378e0016a839b2,2024-10-05 5:30:00,2024-10-04 22:27:10,2024-10-05 4:31:39,8,noc,,,FALSE,,FALSE,24.88,39
671133c7b76012af4cc32a6c,65a7367c27861cb389b11318,5c06fe1f61d521000488a0f2,2024-10-31 21:30:00,2024-10-17 15:56:55,2024-10-30 18:19:27,9,pm,,2024-10-31 19:19:01,FALSE,,FALSE,21.86,29
66f4c170a1db65c9ca2825af,63be02e94b94c3b0e2614a73,628439ec1df59901b9c4f568,2024-10-06 13:30:00,2024-09-26 2:05:36,2024-10-01 18:06:51,9,am,,2024-10-03 18:34:52,FALSE,,FALSE,20.79,30
66feef8bb9de137b3568afa3,621e81f278c27801ac13d556,66fc129ed5b34b9bd50b7626,2024-10-12 21:00:00,2024-10-03 19:24:59,2024-10-09 15:14:57,8,pm,,,FALSE,,FALSE,21.65,33
671a0afcdbb054d29836e2fb,61bae39c7586410185875487,611af67795f4c501662edb31,2024-11-24 14:30:00,2024-10-24 8:53:16,2024-11-08 6:32:03,8,am,,,FALSE,,FALSE,22.67,24
67512c075da492cf20bc2ec9,62b921b0b8e55701c023bbf4,611af67795f4c501662edb31,2024-12-05 6:30:00,2024-12-05 4:28:55,2024-12-05 5:19:30,8,noc,,,FALSE,,FALSE,21.54,24
672709b8fc379fd212f9ba40,64bd5cf4deef5579a8ac21b4,60257cdc1cd3a100160c67cf,2024-11-03 22:00:00,2024-11-03 5:27:21,2024-11-03 21:20:33,8,pm,,,FALSE,,FALSE,21.92,32
675dc6adf742af4aaa1e4f78,6311b7c41b784901b8623225,61f1d66bcc1e0a018a32786c,2024-12-14 22:30:00,2024-12-14 17:55:57,2024-12-14 18:48:18,8,pm,,,FALSE,,FALSE,25.62,36
6748c33414beb1710424ab2f,618b415f93dc56018558fa6c,5bdb65eb27415b0004330ace,2024-11-30 22:30:00,2024-11-28 19:23:32,2024-11-29 21:33:21,9,pm,,,FALSE,,FALSE,21.65,32
66ee385bce12111c27fe9ab0,619cb99dbf243f0186cb134f,611af67795f4c501662edb31,2024-10-09 21:30:00,2024-09-21 3:07:07,2024-09-30 3:42:52,8,pm,,,FALSE,,FALSE,21.91,24
66f724f1ed1f0003584bed96,64618e5e4107b99bc1abeaa1,5ebf09a7fe8b200017aeb9eb,2024-09-28 21:30:00,2024-09-27 21:34:41,2024-09-28 22:34:04,8,pm,,,FALSE,,FALSE,39.65,26
66fd7b08ded9f09a77483034,63aefbcdc01b7dd0c704d6be,5e7e411c3bfbb200165725c8,2024-10-21 13:30:00,2024-10-02 16:55:36,2024-10-19 7:49:54,9,am,,,FALSE,,FALSE,20.83,27
6716cad51f835f2783e19d6a,642a0592d16cc8d40b8539cb,5e1ce78827ff480016e9133e,2024-10-25 13:30:00,2024-10-21 21:42:45,2024-10-24 21:43:55,9,am,,2024-10-25 12:29:09,FALSE,,FALSE,22.28,30
66eb8d212132fbd9fe161419,65ff272e6b5cf282193dbcc8,5f2305c10626e100169c6000,2024-09-28 13:30:00,2024-09-19 2:32:01,2024-09-23 15:23:15,9,am,,,FALSE,,FALSE,24.44,42
677978d9615f6af9421b78ee,61c9209d17f39f018a7b0e1f,5e7e2c903bfbb20016504128,2025-01-04 22:30:00,2025-01-04 18:07:22,2025-01-04 19:28:25,8,pm,,,FALSE,,FALSE,20.02,35
66cc1afb0a0de3869d79a130,65bd8ab546c064569947545a,611af67795f4c501662edb31,2024-09-27 21:30:00,2024-08-26 6:04:43,2024-09-09 15:49:45,8,pm,,,FALSE,,FALSE,22.21,24
675d37d993db0b09c88a958b,6442d75d04ac6a540c7f7ccd,5e1ce78827ff480016e9133e,2024-12-14 22:30:00,2024-12-14 7:46:34,2024-12-14 21:18:53,9,pm,,,FALSE,,FALSE,24.38,30
670011c34771e927fa0a9c9a,613be28f7456860166e2f7f7,5e1ce78827ff480016e9133e,2024-10-12 13:30:00,2024-10-04 16:03:16,2024-10-10 23:50:30,9,am,,,FALSE,,FALSE,26.29,30
677206d97570e43f42829d59,61ad5f380a276201858c43cb,6679c0ed1939e5352c1fdcdf,2024-12-30 15:00:00,2024-12-30 2:35:06,2024-12-30 15:41:19,8,am,,,FALSE,,FALSE,37.01,35
676a87b687448cb717ad4ee1,6190591a677f8e01862f55d9,5bdb65eb27415b0004330ace,2024-12-24 15:00:00,2024-12-24 10:06:46,2024-12-24 14:25:20,8,am,,,FALSE,,FALSE,21.72,32
66ee38bee62bb5f43e3bc4fa,62f0b92b732de201b4cb9d87,611af67795f4c501662edb31,2024-10-18 21:30:00,2024-09-21 3:08:47,2024-09-22 15:03:14,8,pm,,,FALSE,,FALSE,21.98,24
6738fb55a1292602779eed33,61ee6d255abf78018ac1656d,61a568e0cb11990185bb97c7,2024-11-16 22:30:00,2024-11-16 20:06:45,2024-11-16 20:25:29,8,pm,,,FALSE,,FALSE,27.98,39
676ddc9747bf12453b4f01b3,66e0a08cf472d33b6823b1bd,60e8d8dc9a5c0a016647a652,2024-12-28 22:00:00,2024-12-26 22:45:44,2024-12-28 15:34:11,8,pm,,,FALSE,,FALSE,27.72,35
66f0e60ce62bb5f43e665c84,63fb5b51b57721d93e06ca36,5fa1ef2a2292080016c22137,2024-09-23 21:00:00,2024-09-23 3:52:45,2024-09-23 4:17:06,8,pm,,,FALSE,,FALSE,43.09,37
66ee376cce12111c27fe5ae2,642a0592d16cc8d40b8539cb,611af67795f4c501662edb31,2024-10-29 13:30:00,2024-09-21 3:03:09,2024-10-10 6:37:23,8,am,,,FALSE,,FALSE,22,24
66fc1c5b7f2960ae463ff83b,617d84d33987370186ee8123,64790906cb044d01b9691969,2024-10-02 13:00:00,2024-10-01 15:59:23,2024-10-01 19:59:50,8,am,,2024-10-01 20:08:02,FALSE,,FALSE,23.89,37
676e52df30e1798d555596bd,656b648b7ff7c6eee501f628,611af67795f4c501662edb31,2024-12-27 7:30:00,2024-12-27 7:10:24,2024-12-27 7:28:11,7,noc,,,FALSE,,FALSE,27.8,24
674e1700c3fa36b6dc30ecff,66dc240ef472d33b6855e5b3,5e8f18c7c2980b00164326a9,2024-12-24 15:00:00,2024-12-02 20:22:25,2024-12-24 13:45:26,12,am,,,FALSE,,FALSE,28.65,34
674e2d84b2f801b069263aa2,66a08f2ed0200bf3175b10ce,611af67795f4c501662edb31,2024-12-07 6:30:00,2024-12-02 21:58:28,2024-12-02 22:14:35,8,noc,,,FALSE,,FALSE,21.48,24
672d12a15d1a847afa3fd572,63a2e165c01b7dd0c788023e,6682fbd431094eacf70b20f1,2024-11-08 14:00:00,2024-11-07 19:18:57,2024-11-07 21:16:17,8,am,,,FALSE,,FALSE,18.53,37
6734c3a4235f120c77dbd633,5df409719fd583001632007f,64790906cb044d01b9691969,2024-11-13 22:00:00,2024-11-13 15:20:05,2024-11-13 18:19:24,8,pm,,,FALSE,,FALSE,25.6,37
66fcfb1a6be5a6937a28b0cd,66a40faed0200bf317834610,66fc129ed5b34b9bd50b7626,2024-10-05 13:00:00,2024-10-02 7:49:47,2024-10-02 7:50:13,8,am,2024-10-02 7:50:14,,TRUE,,FALSE,22.25,33
6758a7b876fe2a75015f6fb4,6586392b27861cb389dfd38b,5ebf09a7fe8b200017aeb9eb,2024-12-14 6:30:00,2024-12-10 20:42:33,2024-12-11 2:57:30,8,noc,,,FALSE,,FALSE,21.22,26
66ec5eca4e32460c4ad6b6a6,61cbf32fe1a1c2018b4c13d4,644ad704e30bb601b9ec5b76,2024-09-26 12:00:00,2024-09-19 17:26:35,2024-09-21 11:06:18,12,am,,,FALSE,,FALSE,32.78,39
66fed08d430ae852ecff3095,61edb1815d5373018919e41c,61f1d66bcc1e0a018a32786c,2024-10-08 13:30:00,2024-10-03 17:12:46,2024-10-08 13:05:47,8,am,,,FALSE,,FALSE,44.07,36
66f573d5f9fde608eb379c11,64fb5a11be202a3a2ef61545,64790906cb044d01b9691969,2024-09-26 16:00:00,2024-09-26 14:46:45,2024-09-26 14:56:27,5,am,,,FALSE,,FALSE,24.65,37
674e2e04c3fa36b6dc32fd23,645a4987b13deaf45fc560e2,611af67795f4c501662edb31,2024-12-05 14:30:00,2024-12-02 22:00:37,2024-12-02 22:07:07,8,am,2024-12-02 22:07:16,,TRUE,,FALSE,21.42,24
676f99480ecfb3530aff8f2a,64d14c48ffacc00ad34f2302,61a568e0cb11990185bb97c7,2024-12-28 14:30:00,2024-12-28 6:23:05,2024-12-28 7:49:05,8,am,,,FALSE,,FALSE,30.35,39
674a0391bf6d8f45704b9cd9,622f99c01976b301a98a5220,5ebf1743a253570017a27d99,2024-12-14 22:00:00,2024-11-29 18:10:26,2024-12-14 21:20:46,7,pm,,,FALSE,,FALSE,24.99,30
66fda9aceae512b054262c85,652616e2cc967a5ceb60d7ec,610c3e4bb0d8850166b2bd41,2024-10-03 13:00:00,2024-10-02 20:14:36,2024-10-02 20:26:03,8,am,,,FALSE,,FALSE,23.14,31
66de737503a38ebf9be87b1d,5e8785f3097f640016df5520,61a568e0cb11990185bb97c7,2024-09-29 5:30:00,2024-09-09 4:03:02,2024-09-29 2:58:45,9,noc,,,FALSE,,FALSE,37.59,39
6728d8791183cd0270f6c034,616f3bb54cad3c016b1d9720,5e95d5f5cf5e8d001653314e,2024-11-04 15:00:00,2024-11-04 14:21:46,2024-11-04 14:38:05,8,am,,,FALSE,,FALSE,23.63,37
673ed7238900ab6ece44cdac,5b735669a2dad30014cd3707,5f2da77e9dc6600016c2d37f,2024-11-21 14:30:00,2024-11-21 6:45:55,2024-11-21 7:55:35,9,am,,,FALSE,,FALSE,23.67,30
67649394c8a6abbbc775cbba,627b5831853f2601c19abd08,5bdb65eb27415b0004330ace,2024-12-27 6:30:00,2024-12-19 21:43:49,2024-12-26 14:51:30,9,noc,,2024-12-26 19:43:54,FALSE,,FALSE,22.37,32
66ee3914e62bb5f43e3bd4e0,61a6a576c071cb018558da8c,611af67795f4c501662edb31,2024-10-25 21:30:00,2024-09-21 3:10:12,2024-10-15 16:30:17,8,pm,,,FALSE,,FALSE,21.98,24
672efa4a544c7ae818eb1084,65c6adc3277df9830bf1fb56,66279a9f14e3560cbf266ec4,2024-11-09 14:00:00,2024-11-09 5:59:39,2024-11-09 10:35:59,5,am,,,FALSE,,FALSE,22.75,26
6774523853bc363684ddb7b6,66945b63d0200bf3177f16f4,61c3ac32bc5db301874bf1e5,2025-01-12 22:00:00,2024-12-31 20:21:13,2025-01-08 19:47:09,8,pm,,,FALSE,,FALSE,18.97,28
66ede502d08827ef6a906528,61a208b29f80510185c91c21,644ad704e30bb601b9ec5b76,2024-10-21 0:00:00,2024-09-20 21:11:31,2024-10-21 0:36:09,12,pm,,,FALSE,,FALSE,33.02,39
66f03108ce12111c271c4b61,650b6aefbe202a3a2e0961f6,611af67795f4c501662edb31,2024-09-22 15:30:00,2024-09-22 15:00:25,2024-09-22 15:16:25,6,am,,2024-09-22 15:24:10,FALSE,,FALSE,32.03,24
676cf10030e1798d55424801,62faf12a4e1c8c01b7583871,6414b0c9c9fddd01b5432519,2024-12-26 14:00:00,2024-12-26 6:00:33,2024-12-26 7:12:34,8,am,,,FALSE,,FALSE,25.06,46
678127bf3b0c89e8e31198be,622df4f8c216be01abddfc56,611af67795f4c501662edb31,2025-01-10 14:30:00,2025-01-10 13:59:28,2025-01-10 14:15:13,8,am,,,FALSE,,FALSE,26.08,24
66ee392dce12111c27fec28a,6358760d7ccb0c3b068db1db,611af67795f4c501662edb31,2024-10-27 21:30:00,2024-09-21 3:10:38,2024-09-28 14:04:06,8,pm,,2024-10-25 19:03:54,FALSE,,FALSE,21.57,24
66e1d7a9d01933442d63f049,611367c8334d45016621eb1d,5c06fe1f61d521000488a0f2,2024-09-29 21:30:00,2024-09-11 17:47:22,2024-09-29 15:15:46,9,pm,,,FALSE,,FALSE,25.08,29
672d5cc9cc9785c4c4293048,62b921b0b8e55701c023bbf4,5bdb65eb27415b0004330ace,2024-11-16 6:30:00,2024-11-08 0:35:21,2024-11-16 6:14:13,9,noc,,,FALSE,,FALSE,30.38,32
6769b756d692e131a0217ca7,642b7f77d16cc8d40b91a854,637e71fd4a702e01b5e6261b,2025-01-20 13:00:00,2024-12-23 19:17:43,2024-12-23 19:17:49,12,am,,,FALSE,,FALSE,22.05,28
6778d2fd23aaa8c326862a81,6696d1c1d0200bf317ee5d3c,6197b1e6a706b30180020448,2025-01-04 6:30:00,2025-01-04 6:19:41,2025-01-04 6:25:35,8,noc,,,FALSE,,FALSE,27.32,34
6712d81575d43858dc21ab5b,5ff213cf6749b80016353372,62be1df86451d501bef14792,2024-10-19 23:00:00,2024-10-18 21:50:14,2024-10-19 0:57:49,8,pm,,,FALSE,,FALSE,23.92,32
676f598551b3ae555a45048c,6611a34c6b5cf28219c08ca7,5ebf09a7fe8b200017aeb9eb,2024-12-28 22:30:00,2024-12-28 1:51:02,2024-12-28 4:49:06,8,pm,,,FALSE,,FALSE,22.66,26
675f21b6292873557b369e1a,62422c011cb32a01adc5e1d8,5c06fe1f61d521000488a0f2,2024-12-15 22:30:00,2024-12-15 18:36:39,2024-12-15 21:18:44,9,pm,,,FALSE,,FALSE,21.71,29
67763ef360a878d0b2ee6a58,669aca08d0200bf317aa317d,626b174476bbbe01c08fe30b,2025-01-02 15:00:00,2025-01-02 7:23:31,2025-01-02 13:23:58,8,am,,,FALSE,,FALSE,21.7,30
66fb10a3366fc06816160c53,65debc4c277df9830b98b065,65f1b8bf2ff976b93afd5d8b,2024-10-05 13:30:00,2024-09-30 20:57:07,2024-10-01 7:46:31,9,am,,,FALSE,,FALSE,23.28,34
670af28a2b7cfafac4fd631a,619c30d6c665b301863c9e1a,5bdb65eb27415b0004330ace,2024-10-18 21:30:00,2024-10-12 22:04:59,2024-10-13 0:33:50,9,pm,,2024-10-17 21:07:54,FALSE,,FALSE,22.63,32
6781777563d2cf1ef85281d4,65f6705e6b5cf2821983df78,5e1ce78827ff480016e9133e,2025-01-10 23:00:00,2025-01-10 19:39:34,2025-01-10 21:23:25,8,pm,,2025-01-10 22:16:13,FALSE,,FALSE,24.79,30
66f47600230ea8c5987f5e6e,66617b2a53f8a9d7f391c491,61a568e0cb11990185bb97c7,2024-09-25 21:30:00,2024-09-25 20:43:44,2024-09-25 21:21:31,9,pm,,,FALSE,,FALSE,25.6,39
6744e70dc06ccbb1c47b5f60,60c4ef4c4769110166f098ce,5ebf09a7fe8b200017aeb9eb,2024-11-30 22:30:00,2024-11-25 21:07:25,2024-11-26 15:29:27,8,pm,,,FALSE,,FALSE,21.83,26
672921555033ae762be0e481,5de9450f15fada0016ddc0e6,5bdb65eb27415b0004330ace,2024-11-04 23:00:00,2024-11-04 19:32:38,2024-11-04 19:59:25,8,pm,,,FALSE,,FALSE,24.23,32
673f57638900ab6ece491934,63df247d08d1f5632451962c,65fde23ff14f0eebdc8178d2,2024-11-21 22:30:00,2024-11-21 15:53:08,2024-11-21 18:32:08,8,pm,,2024-11-21 19:15:06,FALSE,,FALSE,21.32,32
671de0b4f5db8287b657e848,64dfe2c13aa6333ac612e5a7,611af67795f4c501662edb31,2024-10-27 13:30:00,2024-10-27 6:41:56,2024-10-27 12:32:06,8,am,,,FALSE,,FALSE,25.06,24
673bb4127b29ac45dd58d0aa,640d1cb0c02683c54411ea80,5cb9f07135163900163f532c,2024-11-19 15:00:00,2024-11-18 21:39:30,2024-11-19 13:17:48,8,am,,,FALSE,,FALSE,19.18,28
66feef84286d19845334e1da,63c72fa5fe7ae5e658df1508,66fc129ed5b34b9bd50b7626,2024-10-12 13:00:00,2024-10-03 19:24:52,2024-10-11 2:10:42,8,am,,,FALSE,,FALSE,22.19,33
671c5a93c95ccce902ce5be4,5ffc91d5daca800016119a76,649cab49c4c12701bb7a2350,2024-10-26 5:00:00,2024-10-26 2:57:24,2024-10-26 3:50:32,8,noc,,2024-10-26 4:20:41,FALSE,,FALSE,26.28,31
66ee9673ce12111c270249bf,66d8d10ef472d33b683fb25d,5e95d5f5cf5e8d001653314e,2024-09-23 22:00:00,2024-09-21 9:48:35,2024-09-22 15:07:23,8,pm,,,FALSE,,FALSE,20.5,37
6780a221c0dbac2cfe60cddc,6474fc48bb6f19b937f2a353,5e1ce78827ff480016e9133e,2025-01-10 6:30:00,2025-01-10 4:29:22,2025-01-10 5:20:01,9,noc,,,FALSE,,FALSE,24.83,30
66dc641b867a36553e39b86e,6601ec5d6b5cf2821959781f,5f4d42e3d621a000165c5cfd,2024-09-29 21:30:00,2024-09-07 14:32:59,2024-09-16 6:25:44,8,pm,,2024-09-19 3:50:06,FALSE,,FALSE,21.24,39
6768d03bd14198f94a374238,64a9dbb0deef5579a8d9c153,5c539532fe63b800166ddb2d,2024-12-23 22:30:00,2024-12-23 2:51:40,2024-12-23 5:00:52,8,pm,,,FALSE,,FALSE,22.59,30
6716a87203a023a7158d4657,647acfa7bb6f19b93789cc31,6682fbd431094eacf70b20f1,2024-10-22 13:00:00,2024-10-21 19:16:02,2024-10-21 20:30:02,8,am,,,FALSE,,FALSE,19.5,37
677c32f0b36700b581656107,6648da6653f8a9d7f3fc8c6b,5c06fe1f61d521000488a0f2,2025-01-19 6:30:00,2025-01-06 19:45:53,2025-01-18 6:07:14,9,noc,,2025-01-18 18:42:16,FALSE,,FALSE,21.73,29
671949ce35a059ec7d784e80,642b7f77d16cc8d40b91a854,637e71fd4a702e01b5e6261b,2024-12-01 1:00:00,2024-10-23 19:09:03,2024-11-05 21:44:56,4,noc,,2024-11-25 16:34:59,FALSE,,FALSE,22.01,28
67200b4b889adffb511bba34,63cdf47ffe7ae5e6586037ad,64790906cb044d01b9691969,2024-10-31 21:00:00,2024-10-28 22:08:11,2024-10-30 11:51:22,8,pm,,2024-10-30 21:23:17,FALSE,,FALSE,23.41,37
678c8930c59905eff8b4b820,622eb3eda419b901acbda04a,5ebf09a7fe8b200017aeb9eb,2025-01-19 14:30:00,2025-01-19 5:10:08,2025-01-19 13:19:53,8,am,,,FALSE,,FALSE,27.11,26
676b1c09c2ea5c4365037d8c,672938bf9dd6fa0b68f6dbc4,612e88a59e065601668a13a4,2024-12-27 23:00:00,2024-12-24 20:39:37,2024-12-25 3:40:15,8,pm,,,FALSE,,FALSE,24.2,28
6773411e396223f6fdaf797d,665f2cd453f8a9d7f3b441c8,66279a9f14e3560cbf266ec4,2025-01-05 22:00:00,2024-12-31 0:55:58,2024-12-31 16:12:34,8,pm,,2024-12-31 20:39:39,FALSE,,FALSE,21.13,26
674d15909f8bf8fd9e813ab6,6709f7edf472d33b68788d66,5e95d5f5cf5e8d001653314e,2024-12-02 15:00:00,2024-12-02 2:04:00,2024-12-02 13:28:32,8,am,,,FALSE,,FALSE,22.41,37
66ee36f3d08827ef6a972a38,61fb187812cd58018bdfa203,611af67795f4c501662edb31,2024-10-20 13:30:00,2024-09-21 3:01:08,2024-09-27 19:04:17,8,am,,,FALSE,,FALSE,22.26,24
6723f9aaee4e6e38920ad905,663b93875859f423893a445a,5f52a9138c405c0016d30feb,2024-10-31 22:00:00,2024-10-31 21:42:03,2024-10-31 21:48:07,7,pm,,,FALSE,,FALSE,21.63,29
676ddc9747bf12453b4f01b3,64782960bb6f19b937cbc2a0,60e8d8dc9a5c0a016647a652,2024-12-28 22:00:00,2024-12-26 22:45:44,2024-12-28 15:34:16,8,pm,,,FALSE,,FALSE,27,35
6712d6d675d43858dc219999,64849d40fdebe497cec09b38,66b3ab3c0e400bcd45f4ae16,2024-10-19 6:00:00,2024-10-18 21:44:54,2024-10-19 4:29:02,8,noc,,,FALSE,,FALSE,22.28,31
6706205dadf2b8b944057a9f,6564e0b17ff7c6eee5f12f14,5f2da77e9dc6600016c2d37f,2024-10-09 13:30:00,2024-10-09 6:19:10,2024-10-09 6:58:57,9,am,,,FALSE,,FALSE,29.03,30
671ace4f9d87a3f852a7b720,64a24279deef5579a8bb89ad,64790906cb044d01b9691969,2024-10-25 21:00:00,2024-10-24 22:46:40,2024-10-25 12:29:45,8,pm,,,FALSE,,FALSE,23.86,37
67085bdd888175afe400ef3f,667f35270c8bae033df508e8,5e95d5f5cf5e8d001653314e,2024-10-12 6:00:00,2024-10-10 22:57:34,2024-10-11 2:06:21,8,noc,,,FALSE,,FALSE,22.78,37
6759ea4d337d431e27e0efce,6447aa0304ac6a540c09528d,61f1d66bcc1e0a018a32786c,2024-12-13 6:30:00,2024-12-11 19:38:53,2024-12-11 19:55:13,8,noc,2024-12-11 19:55:17,,TRUE,,FALSE,25.09,36
6737f0e0b392e85ded2847e1,638fad48c01b7dd0c73171f3,5ebf09a7fe8b200017aeb9eb,2024-11-16 22:30:00,2024-11-16 1:09:52,2024-11-16 1:24:24,8,pm,,,FALSE,,FALSE,21.73,26
67887bc7e5558ea30a51351e,663c44eb5859f42389f78069,613a636b4be49701666cf108,2025-01-18 14:30:00,2025-01-16 3:23:52,2025-01-18 7:37:50,8,am,,,FALSE,,FALSE,23.83,46
6746a8c182bea9cb5414f9e3,668a79840c8bae033d6b589e,64790906cb044d01b9691969,2024-11-27 14:00:00,2024-11-27 5:06:09,2024-11-27 6:20:54,8,am,,,FALSE,,FALSE,22.74,37
66fef38eb9de137b3568ff2d,635069d17ccb0c3b06f61b96,5e1ce78827ff480016e9133e,2024-10-03 22:00:00,2024-10-03 19:42:06,2024-10-03 20:20:56,8,pm,,,FALSE,,FALSE,22.82,30
67211e30a1416f365f5f08a1,6359acc47ccb0c3b069c2321,5c539532fe63b800166ddb2d,2024-11-10 22:30:00,2024-10-29 17:41:04,2024-11-03 4:34:18,8,pm,,,FALSE,,FALSE,22.6,30
6708a450888175afe4042289,6258326c5a2e9701ac006e3b,5ebf16f8fe8b200017aebe0f,2024-10-11 22:00:00,2024-10-11 4:06:40,2024-10-11 20:24:04,8,pm,,,FALSE,,FALSE,24.5,26
6700c9ead897e4f8fcd639b5,658d22d727861cb389ae8bf7,611bc90b8a1a140166c0a051,2024-10-05 13:00:00,2024-10-05 5:08:59,2024-10-05 6:30:59,4,am,,2024-10-05 10:59:33,FALSE,,FALSE,23.26,35
676ad9b230e1798d552219a4,637bb317094907a12eb4ea6b,5e7266e3759cf60016d86c98,2025-01-18 23:00:00,2024-12-24 15:56:34,2025-01-18 15:57:18,8,pm,,2025-01-18 18:01:40,FALSE,,FALSE,21.71,34
66f272673395e3b2006b55c8,66c2a5c493d8c27168ca0b56,6081f3fc667fa6016195942c,2024-09-24 15:00:00,2024-09-24 8:03:52,2024-09-24 9:14:27,6,am,,2024-09-24 14:31:32,FALSE,,FALSE,26.65,33
677224b9f3bcaa0c8dd80c42,650bb407be202a3a2ef8907f,610c3e4bb0d8850166b2bd41,2024-12-30 14:00:00,2024-12-30 4:42:34,2024-12-30 5:16:35,8,am,,,FALSE,,FALSE,23.49,31
66ec5f028f1af3c44bde7b63,619863e448142301808f7658,644ad704e30bb601b9ec5b76,2024-10-08 12:00:00,2024-09-19 17:27:31,2024-10-03 14:48:39,12,am,,,FALSE,,FALSE,32.42,39
6754bb396a3a39e433463e4c,66a08f2ed0200bf3175b10ce,5ebf09a7fe8b200017aeb9eb,2024-12-08 14:30:00,2024-12-07 21:16:42,2024-12-07 23:50:37,8,am,,,FALSE,,FALSE,22.04,26
677c3227221d946183c73145,62de34e080d1c701b54d78e2,5c06fe1f61d521000488a0f2,2025-01-11 22:30:00,2025-01-06 19:42:31,2025-01-09 17:49:52,9,pm,,,FALSE,,FALSE,22.55,29
66ff6a9dc1681f7b224e9874,632539329603d78083a31de3,62be1df86451d501bef14792,2024-10-04 23:00:00,2024-10-04 4:10:05,2024-10-04 4:26:10,8,pm,,,FALSE,,FALSE,22.69,32
677700b1413fc322be887894,621d96774de8e601aebdcaa9,602ed7d4c778ed00169bf292,2025-01-18 13:00:00,2025-01-02 21:10:09,2025-01-05 3:56:52,8,am,,2025-01-10 21:56:48,FALSE,,FALSE,22.89,43
670b1bbb2b7cfafac4ff030c,65224481cc967a5cebbbc9b7,5d011e7757d52f00162c9fe1,2024-10-13 5:00:00,2024-10-13 1:00:44,2024-10-13 4:19:49,8,noc,,,FALSE,,FALSE,22.4,24
6759f458f9c050534b515618,671edaf882fcef7cc3f3a308,622fd7d048ade501b1ab4b15,2024-12-13 23:00:00,2024-12-11 20:21:45,2024-12-14 0:39:22,8,pm,,,FALSE,,FALSE,41.17,41
670aca53064901cc8b31c11c,612c5e45d980900166a683c2,615b663fbd4bd10188739177,2024-10-13 13:00:00,2024-10-12 19:13:23,2024-10-12 20:29:53,8,am,,,FALSE,,FALSE,22.86,43
673f9b3625b88271bd8bc9f7,65e6a20cbb0ca701640ac828,5ebf16f8fe8b200017aebe0f,2024-12-24 15:00:00,2024-11-21 20:42:31,2024-12-02 20:35:42,8,am,,2024-12-23 21:35:38,FALSE,,FALSE,22.2,26
66f77d9eac3b0b488068fbec,6280be28cdc30501c24fcf58,5ff4f626909f7a00160d06fd,2024-09-28 13:00:00,2024-09-28 3:53:02,2024-09-28 9:22:47,8,am,,,FALSE,,FALSE,22.86,31
67035bb87d25fc7c406f2864,65089e71be202a3a2e14646e,61a568e0cb11990185bb97c7,2024-10-07 13:30:00,2024-10-07 3:55:36,2024-10-07 4:24:31,9,am,,,FALSE,,FALSE,24.96,39
66f706fd6ab7904e2391e4d8,66e19665f472d33b687c9bbd,617195fe61cfc6016a47a1de,2024-09-28 22:00:00,2024-09-27 19:26:54,2024-09-27 22:27:07,8,pm,,,FALSE,,FALSE,24.34,38
672f5991544c7ae818ee0392,64698c334107b99bc15bb066,61ba9fe7b976f90180a04e56,2024-11-09 14:00:00,2024-11-09 12:46:09,2024-11-09 13:27:41,8,am,,,FALSE,,FALSE,25.99,35
670acb11064901cc8b31d4a9,6479867ebb6f19b937b591bc,65f1b8bf2ff976b93afd5d8b,2024-10-12 21:00:00,2024-10-12 19:16:33,2024-10-12 20:30:16,8,pm,,,FALSE,,FALSE,24.24,34
6709a28a2b7cfafac4ef2d7a,65caf8ab277df9830be99d27,61b0d0ed0a1f9a01805c0531,2024-10-12 1:00:00,2024-10-11 22:11:23,2024-10-11 23:02:34,12,noc,,,FALSE,,FALSE,22.76,40
672a56a5f97ee187f2068d16,638071143540dfe4c2836eba,5e95d5f5cf5e8d001653314e,2024-11-07 23:00:00,2024-11-05 17:32:22,2024-11-07 16:08:40,8,pm,,,FALSE,,FALSE,22.34,37
677b41936d4dce726b8fe086,6520700ecc967a5ceb8f6552,66fc129ed5b34b9bd50b7626,2025-01-06 6:00:00,2025-01-06 2:36:04,2025-01-06 3:12:36,8,noc,,,FALSE,,FALSE,34.7,33
6774196d9e616e7a60e7fcce,638d7c2d528ff98564f2d312,5ebf16f8fe8b200017aebe0f,2024-12-31 23:00:00,2024-12-31 16:18:53,2024-12-31 16:55:37,8,pm,2024-12-31 16:56:29,,TRUE,,FALSE,36.25,26
676ed64786075d5d6ef2b07b,62b1591191e82801bd998370,5ebf09a7fe8b200017aeb9eb,2024-12-27 22:30:00,2024-12-27 16:31:03,2024-12-27 17:14:59,8,pm,,,FALSE,,FALSE,22.23,26
66ed728765cb96248e8ead1d,6688eaaa0c8bae033d74326f,5bce18de63e1a40004b3ddd4,2024-09-23 22:00:00,2024-09-20 13:03:04,2024-09-22 20:45:24,8,pm,,,FALSE,,FALSE,22.87,28
66ee392ee62bb5f43e3bd999,6319903788cffd66f1cc53da,611af67795f4c501662edb31,2024-10-27 21:30:00,2024-09-21 3:10:39,2024-10-20 5:28:27,8,pm,2024-10-20 5:28:34,,TRUE,,FALSE,22.13,24
66f6edfd158a626a5d41d03b,63cf3b00fe7ae5e658f241c0,5f5bca132f95160016b723ff,2024-09-27 21:30:00,2024-09-27 17:40:14,2024-09-27 20:01:16,9,pm,,,FALSE,,FALSE,22.39,37
672543c5d48e9f09daf0a8c1,62c5f6b31eff6e01bfed8ab8,649f57a45a8bae01b9de5dce,2024-11-01 22:00:00,2024-11-01 21:10:30,2024-11-01 21:23:51,7,pm,,2024-11-01 21:47:16,FALSE,,FALSE,22.27,37
670880ab888175afe4024485,63be02e94b94c3b0e2614a73,6682fbd431094eacf70b20f1,2024-10-11 21:15:00,2024-10-11 1:34:36,2024-10-11 18:00:03,8,pm,,,FALSE,,FALSE,19.43,37
67745245c63be7b56fc4d552,6645ed3d53f8a9d7f3ceeb2b,61c3ac32bc5db301874bf1e5,2025-01-13 22:00:00,2024-12-31 20:21:26,2025-01-01 5:57:52,8,pm,,,FALSE,,FALSE,17.78,28
6774523c2fbc9db8bd69c5bf,6686e6750c8bae033dc2c77c,61c3ac32bc5db301874bf1e5,2025-01-17 22:00:00,2024-12-31 20:21:17,2025-01-15 2:12:02,8,pm,,,FALSE,,FALSE,19.72,28
670fe18c344743a03b0d1ad7,650fadaebe202a3a2e9ffea0,65428c5eb9ae7bfe06a31fec,2024-11-09 1:00:00,2024-10-16 15:53:48,2024-11-01 5:08:17,12,pm,,2024-11-08 10:49:59,FALSE,,FALSE,31.38,39
6747bc88336b48f83442cc3b,611da98e02f50b0166ea861a,5f5bca132f95160016b723ff,2024-12-01 22:30:00,2024-11-28 0:42:48,2024-11-28 1:07:43,9,pm,2024-11-28 1:09:41,,TRUE,,FALSE,28.23,37
677b3e711b3fab0c95db16c0,64ce5256ffacc00ad3cb151b,5ebf09a7fe8b200017aeb9eb,2025-01-10 22:30:00,2025-01-06 2:22:42,2025-01-08 22:46:27,8,pm,,,FALSE,,FALSE,21.97,26
677edc3291d6de6ff13dbf2e,6247f3e6104f9501b130405d,6233963a9f423f01aa0b8e0c,2025-01-08 22:00:00,2025-01-08 20:12:34,2025-01-08 21:18:59,8,pm,,,FALSE,,FALSE,24.93,37
66f495dc11f6e10a8861726c,60efb70222d1680166af6afc,5e95d5f5cf5e8d001653314e,2024-09-29 6:00:00,2024-09-25 22:59:41,2024-09-28 1:16:07,8,noc,,,FALSE,,FALSE,21.11,37
67755ec5c288a2173ee57b9b,676c71e3f75c101b27c20408,611af67795f4c501662edb31,2025-01-01 16:00:00,2025-01-01 15:27:01,2025-01-01 15:47:48,6,am,,,FALSE,,FALSE,39.47,24
676baf2730e1798d55309b9e,6406fe9eb57721d93e071fa6,5d011e7757d52f00162c9fe1,2024-12-25 22:00:00,2024-12-25 7:07:20,2024-12-25 17:08:05,8,pm,,,FALSE,,FALSE,21.75,24
67006bbe5ebd39c53eaeb132,64bf0c4adeef5579a81ae42f,5f90996f47378e0016a839b2,2024-10-05 5:30:00,2024-10-04 22:27:10,2024-10-05 2:40:24,8,noc,,,FALSE,,FALSE,25.41,39
6774525f7bd8ff109d5186b0,622cb7e61051cf01aeb5b45a,61c3ac32bc5db301874bf1e5,2025-01-20 22:00:00,2024-12-31 20:21:51,2025-01-05 23:37:32,8,pm,,,FALSE,,FALSE,18.39,28
670119907d25fc7c4053864a,62487ba6104f9501b1400248,5bce18de63e1a40004b3ddd4,2024-10-07 22:00:00,2024-10-05 10:48:48,2024-10-06 0:36:15,8,pm,,,FALSE,,FALSE,23.11,28
671fd42a2b12f49dca9b946e,655bfa157ff7c6eee5987853,5c06fe1f61d521000488a0f2,2024-12-28 6:30:00,2024-10-28 18:12:59,2024-12-28 1:05:41,9,noc,,,FALSE,,FALSE,25.76,29
66e893c7e1a41f2c0b1b483b,641a0b003b626832d77b239b,65428c5eb9ae7bfe06a31fec,2024-11-01 14:00:00,2024-09-16 20:23:35,2024-10-07 4:18:23,8,am,,2024-10-30 17:03:52,FALSE,,FALSE,31.42,39
66e893c59f4c033bd1fe05d2,61e60b3f34d4ec018bd81be6,65428c5eb9ae7bfe06a31fec,2024-11-01 12:00:00,2024-09-16 20:23:34,2024-09-23 14:20:46,12,am,,,FALSE,,FALSE,31.74,39
6770c5305b9214031e3dca24,5eb09641a133d30016944ed8,6682fbd431094eacf70b20f1,2024-12-29 14:00:00,2024-12-29 3:42:41,2024-12-29 5:20:35,8,am,,,FALSE,,FALSE,21.93,37
66f5bec8d7c77a7bb0297370,6140535ae8a07a016622bcf1,5cb9f07135163900163f532c,2024-09-27 14:00:00,2024-09-26 20:06:33,2024-09-27 4:17:02,8,am,,,FALSE,,FALSE,19.19,28
676e36ad30e1798d5554bebd,5f405f0910790800167ecf40,62cc8b6a2c205501c22fcef3,2024-12-27 6:30:00,2024-12-27 5:10:05,2024-12-27 5:10:40,8,noc,,,FALSE,,FALSE,21.68,34
67772be0fc8d6653a0695d57,676dc06af75c101b27d6d415,5ebf09a7fe8b200017aeb9eb,2025-01-03 14:30:00,2025-01-03 0:14:25,2025-01-03 4:45:29,8,am,,,FALSE,,FALSE,22.12,26
67745c76c2d33c09cdca1554,6632bc945859f42389f6c273,5cb9f07135163900163f532c,2025-01-02 23:00:00,2024-12-31 21:04:54,2025-01-01 2:43:12,8,pm,,,FALSE,,FALSE,20.11,28
66feef84286d19845334e1da,6519addc6d2dc285f3d8695b,66fc129ed5b34b9bd50b7626,2024-10-12 13:00:00,2024-10-03 19:24:52,2024-10-10 17:57:01,8,am,,,FALSE,,FALSE,21.79,33
66de731603a38ebf9be86dfe,66d63f1593d8c27168966a8e,61a568e0cb11990185bb97c7,2024-09-23 21:30:00,2024-09-09 4:01:27,2024-09-10 22:49:01,9,pm,2024-09-10 22:50:11,,TRUE,2024-09-22 7:09:57,FALSE,23.69,39
671a0edddbb054d29836f273,66a40faed0200bf317834610,611af67795f4c501662edb31,2024-11-11 6:30:00,2024-10-24 9:09:50,2024-11-02 13:44:37,8,noc,,,FALSE,,FALSE,22,24
676bd50930e1798d55317559,668e9c84d0200bf31740926c,6197b1e6a706b30180020448,2024-12-25 14:00:00,2024-12-25 9:48:57,2024-12-25 13:18:08,9,am,,,FALSE,,FALSE,27.5,34
67669ec82029d5d55870b0bf,671b49a382fcef7cc3ddf868,5e95d5f5cf5e8d001653314e,2024-12-21 15:00:00,2024-12-21 10:56:08,2024-12-21 13:19:45,8,am,,,FALSE,,FALSE,23.99,37
674d2d65d7d75f5ea0ffbe56,656b84e77ff7c6eee5378704,61254ca13eea47016699c143,2024-12-02 23:00:00,2024-12-02 3:45:41,2024-12-02 5:20:43,8,pm,,,FALSE,,FALSE,21.01,38
670a6137064901cc8b2d4b93,63465c82fb9a096b9e656278,615b663fbd4bd10188739177,2024-10-12 13:00:00,2024-10-12 11:44:55,2024-10-12 12:16:55,8,am,,2024-10-12 13:16:20,FALSE,,FALSE,23.74,43
6750f1eb14d5582cea849f9f,613fa3942655220166bd8200,5e95d5f5cf5e8d001653314e,2024-12-07 7:00:00,2024-12-05 0:21:00,2024-12-05 8:29:12,8,noc,,,FALSE,,FALSE,25.55,37
674a62a6e738d597c95e7697,63bd1d72c01b7dd0c79d71ee,613a636b4be49701666cf108,2024-11-30 22:30:00,2024-11-30 0:56:07,2024-11-30 5:36:11,8,pm,,,FALSE,,FALSE,22.81,46
671288e2859dbf1a35e0e438,61e60b3f34d4ec018bd81be6,602db47f20bc3c0016d69381,2024-10-21 12:00:00,2024-10-18 16:12:19,2024-10-18 22:56:02,12,am,,2024-10-19 23:53:55,FALSE,,FALSE,20.83,37
66f03108ce12111c271c4b61,66911b79d0200bf317c0d489,611af67795f4c501662edb31,2024-09-22 15:30:00,2024-09-22 15:00:25,2024-09-22 15:16:36,6,am,,2024-09-22 15:24:10,FALSE,,FALSE,33.4,24
671a0d239e0dfa639bda32df,620b146bf76dc201a52637b3,611af67795f4c501662edb31,2024-11-22 22:30:00,2024-10-24 9:02:27,2024-11-02 21:24:24,8,pm,,,FALSE,,FALSE,22.25,24
677c3308e8f68f45dda94a95,5e13aa9f923e2b0016293fb6,5c06fe1f61d521000488a0f2,2025-01-15 22:30:00,2025-01-06 19:46:16,2025-01-15 17:11:56,9,pm,,,FALSE,,FALSE,22.57,29
672821fffc379fd212069a95,624d24f826a90c01ac016ae8,5ebf09a7fe8b200017aeb9eb,2024-11-04 14:30:00,2024-11-04 1:23:12,2024-11-04 6:43:50,8,am,,,FALSE,,FALSE,22.23,26
671133adb76012af4cc328ad,65a6d08427861cb3896ce1ff,5c06fe1f61d521000488a0f2,2024-10-24 21:30:00,2024-10-17 15:56:29,2024-10-21 23:20:24,9,pm,,,FALSE,,FALSE,21.63,29
66f04168e62bb5f43e5a15e8,613ea32cc54ccd016682879f,64790906cb044d01b9691969,2024-09-24 21:00:00,2024-09-22 16:10:17,2024-09-23 3:26:40,8,pm,,,FALSE,,FALSE,22.85,37
676ef2ffc0bce614da006874,5cb539aaab769b00163a4eb8,5c06fe1f61d521000488a0f2,2025-01-04 22:30:00,2024-12-27 18:33:36,2024-12-31 5:28:11,9,pm,,,FALSE,,FALSE,21.58,29
675bd9efd3e618346e3b5266,650ba626be202a3a2ea1a5a5,5e1ce78827ff480016e9133e,2024-12-13 14:30:00,2024-12-13 6:53:35,2024-12-13 10:20:33,9,am,,,FALSE,,FALSE,23.67,30
670bd67a642c9c40efa05c65,66310c6fb44011b92cedebcf,5d011e7757d52f00162c9fe1,2024-10-14 5:00:00,2024-10-13 14:17:31,2024-10-13 22:53:18,8,noc,,,FALSE,,FALSE,23.87,24
6704ab105850f738a093b420,660ee7056b5cf282196d5ddf,63ae106dcd901f01b67e6376,2024-10-08 5:00:00,2024-10-08 3:46:25,2024-10-08 3:46:56,8,noc,,,FALSE,,FALSE,24.89,37
675a15b863e8516e01e99e8a,62f0b92b732de201b4cb9d87,66b3ab3c0e400bcd45f4ae16,2024-12-12 15:00:00,2024-12-11 22:44:08,2024-12-12 0:26:58,8,am,,2024-12-12 0:34:37,FALSE,,FALSE,24.36,31
67522a959bce82d81d2eb676,5bc0f968d7e9ff0004c767a5,611af67795f4c501662edb31,2024-12-06 14:30:00,2024-12-05 22:35:02,2024-12-06 0:23:45,8,am,,,FALSE,,FALSE,23.88,24
6726848b3c558b3918c28a4c,6550fefd7ff7c6eee56c1e87,649cab49c4c12701bb7a2350,2024-11-02 21:00:00,2024-11-02 19:59:07,2024-11-02 20:19:32,8,pm,,,FALSE,,FALSE,27.25,31
6777320423441a818168781c,6369f7ea7ccb0c3b0608b2ed,60dba05c86c2470166fb1296,2025-01-05 23:00:00,2025-01-03 0:40:37,2025-01-03 9:28:39,8,pm,,2025-01-04 1:15:21,FALSE,,FALSE,19.37,39
6700c9ead897e4f8fcd639b5,61516b61172d6e018771df7a,611bc90b8a1a140166c0a051,2024-10-05 13:00:00,2024-10-05 5:08:59,2024-10-05 6:31:46,4,am,,2024-10-05 10:59:33,FALSE,,FALSE,22.83,35
66fa8a59c4cee3231d94fccf,62e460b2bf08fc01b5752cdf,5ebf09a7fe8b200017aeb9eb,2024-09-30 13:30:00,2024-09-30 11:24:10,2024-09-30 11:58:43,8,am,,,FALSE,,FALSE,24.83,26
6776c67801f2d1ee441c3646,61f6e954360033018a112fc3,60dba05c86c2470166fb1296,2025-01-03 7:00:00,2025-01-02 17:01:44,2025-01-02 19:15:28,8,noc,,2025-01-03 0:02:00,FALSE,,FALSE,18.81,39
6770ac9441ea68cf416d8011,61c5dd33289d940180ae3ebe,62c5f9fff1becb01bfcbbc41,2024-12-29 5:00:00,2024-12-29 1:57:41,2024-12-29 2:23:44,8,noc,,,FALSE,,FALSE,31.77,27
67478c6f28a0d5d6fb085e4f,622b8b51a317b801ad8d8a83,5ebf16f8fe8b200017aebe0f,2024-12-07 23:00:00,2024-11-27 21:17:35,2024-12-02 0:36:46,8,pm,,,FALSE,,FALSE,21.16,26
671affa4e7d0bb5e8415761f,611c58f0a794e60166a3cbf8,6233963a9f423f01aa0b8e0c,2024-10-25 13:00:00,2024-10-25 2:17:08,2024-10-25 4:28:43,8,am,,,FALSE,,FALSE,22.42,37
672e5608c82e5eab63a7d663,64729d3bbb6f19b9371d5a01,5f5bca132f95160016b723ff,2024-11-09 14:30:00,2024-11-08 18:18:49,2024-11-08 22:16:25,9,am,,,FALSE,,FALSE,21.76,37
671aa8d0d4afd2e5996f4c3a,66a5f99ed0200bf3171e32c1,5ebf1773a253570017a27da2,2024-10-25 5:00:00,2024-10-24 20:06:40,2024-10-24 20:24:15,8,noc,,,FALSE,,FALSE,22.84,30
671a9c3e9a2de97890066bc0,6596175627861cb3896f6fe3,5bdb65eb27415b0004330ace,2024-10-28 21:30:00,2024-10-24 19:13:02,2024-10-28 0:43:12,9,pm,,2024-10-28 14:42:37,FALSE,,FALSE,21.53,32
6705a6e657208268e6cd0d31,61dd0e445a98c0018a7b7998,5e39f9770af20c0016cc6376,2024-10-08 22:30:00,2024-10-08 21:40:54,2024-10-08 21:49:29,7,pm,,2024-10-08 22:00:10,FALSE,,FALSE,26.8,41
671d6ab5c95ccce902da3d9d,62c871135069df01bf67a121,5e47201390bc130016bbe03f,2024-10-27 21:30:00,2024-10-26 22:18:30,2024-10-26 22:37:56,9,pm,,2024-10-27 15:33:01,FALSE,,FALSE,20.47,33
66ee3834d08827ef6a979a33,638439233540dfe4c2f0f65b,611af67795f4c501662edb31,2024-10-06 21:30:00,2024-09-21 3:06:29,2024-10-04 22:44:29,8,pm,,,FALSE,,FALSE,21.53,24
6734ed35eafadff8c04c51b9,618a3e8e6b9159018588dfca,5cb9f07135163900163f532c,2024-11-17 15:00:00,2024-11-13 18:17:26,2024-11-17 6:00:26,8,am,,,FALSE,,FALSE,18.9,28
6758a7b9221ce8c61589ad9d,6255e6c649508c01adb411e9,5ebf09a7fe8b200017aeb9eb,2024-12-14 6:30:00,2024-12-10 20:42:33,2024-12-11 15:24:52,8,noc,,,FALSE,,FALSE,21.67,26
66f320f389f9f5107f24502f,631ffabe9603d78083e6afe7,5cb9f07135163900163f532c,2024-09-25 22:00:00,2024-09-24 20:28:35,2024-09-25 5:10:50,8,pm,,2024-09-25 17:57:24,FALSE,,FALSE,19.65,28
671fc8602b12f49dca9ac1f3,613c8c9a14045b016601d526,5f594c78bec4a800166418eb,2024-10-31 21:00:00,2024-10-28 17:22:40,2024-10-29 3:27:58,8,pm,,,FALSE,,FALSE,21.84,36
6703e6fd7361984a5a42245b,661624a06b5cf2821972fd54,5bdb65eb27415b0004330ace,2024-10-08 21:30:00,2024-10-07 13:49:49,2024-10-08 4:38:47,8,pm,,2024-10-08 17:18:40,FALSE,,FALSE,21.91,32
66f1d48222d110b696301d9b,634245adfb9a096b9ebed51b,64c7e5435df954ecfc20ee88,2024-09-24 15:20:00,2024-09-23 20:50:10,2024-09-23 20:50:36,8,am,2024-09-23 20:50:37,,TRUE,,FALSE,33.48,31
671d5ca108311c3f23d692ea,65a6d08427861cb3896ce1ff,613a636b4be49701666cf108,2024-10-27 5:30:00,2024-10-26 21:18:26,2024-10-27 2:31:53,8,noc,,,FALSE,,FALSE,33.09,46
671a0aae9e0dfa639bda288a,6586944d27861cb389ed20ab,611af67795f4c501662edb31,2024-11-16 14:30:00,2024-10-24 8:51:58,2024-10-27 6:56:29,8,am,,,FALSE,,FALSE,22.51,24
66f70c0bfb26471752ba365e,66e87f50f472d33b68049192,617195fe61cfc6016a47a1de,2024-10-06 13:45:00,2024-09-27 19:48:28,2024-10-06 14:36:36,9,am,,,FALSE,,FALSE,41.06,38
674614bb4009fd4bb41c9b89,64fdef7ebe202a3a2eb0b1d8,5e7266e3759cf60016d86c98,2024-12-29 7:00:00,2024-11-26 18:34:36,2024-12-25 5:20:24,8,noc,,,FALSE,,FALSE,20.01,34
672709b8fc379fd212f9ba40,638faee9c01b7dd0c747d652,60257cdc1cd3a100160c67cf,2024-11-03 22:00:00,2024-11-03 5:27:21,2024-11-03 21:21:47,8,pm,,,FALSE,,FALSE,21.22,32
66f707cc8a30e585b4f233b9,64ab2900deef5579a8ab37d2,617195fe61cfc6016a47a1de,2024-09-28 6:00:00,2024-09-27 19:30:20,2024-09-27 20:27:31,8,noc,,,FALSE,,FALSE,23.07,38
66fc509978305b5441f3d618,6381a9483540dfe4c244c998,5e95d5f5cf5e8d001653314e,2024-10-05 6:00:00,2024-10-01 19:42:17,2024-10-04 19:51:16,8,noc,,,FALSE,,FALSE,22.04,37
671a0cbe4bf9c580b6a3c180,64cbd3b7ffacc00ad36c742a,611af67795f4c501662edb31,2024-11-14 22:30:00,2024-10-24 9:00:47,2024-10-25 13:47:52,8,pm,,,FALSE,,FALSE,21.72,24
671fcb6fcc944afffaa92ea0,62eae96d5e451b01b63670a7,5c06fe1f61d521000488a0f2,2024-11-27 14:30:00,2024-10-28 17:35:43,2024-11-11 22:19:26,9,am,,2024-11-25 17:45:47,FALSE,,FALSE,21.7,29
67474366e3c6eb57b5809ba8,62fbe36f0b9c9801b46795e6,60dba05c86c2470166fb1296,2024-12-25 15:00:00,2024-11-27 16:05:58,2024-11-27 16:25:39,8,am,2024-11-27 16:26:26,,TRUE,,FALSE,44.69,39
6707cb2f1fe72a31895676d7,64b3e978deef5579a88f113a,5e39f9770af20c0016cc6376,2024-10-10 14:00:00,2024-10-10 12:40:16,2024-10-10 12:51:34,7,am,,,FALSE,,FALSE,26.53,41
676a226adcebac25076277f7,64bc2106deef5579a8d9d274,613a636b4be49701666cf108,2024-12-24 14:30:00,2024-12-24 2:54:34,2024-12-24 7:03:22,8,am,,,FALSE,,FALSE,24,46
66ef5bdcd08827ef6aa902fc,63a945bdc01b7dd0c700690f,5e98d825d624d70016976d94,2024-09-22 22:00:00,2024-09-21 23:50:53,2024-09-22 4:25:33,8,pm,,,FALSE,,FALSE,22.69,34
6703da0e220920bbf4aa0b7e,63256bce9603d78083e0a223,5ebf09a7fe8b200017aeb9eb,2024-10-07 14:30:00,2024-10-07 12:54:38,2024-10-07 13:08:15,7,am,,,FALSE,,FALSE,27.79,26
66fc362aebb0f3883d03fe06,6459183db13deaf45f4e93cf,5e1ce78827ff480016e9133e,2024-10-06 21:30:00,2024-10-01 17:49:31,2024-10-02 19:17:34,9,pm,,,FALSE,,FALSE,20.83,30
677f960883f0d5acfc6d8474,618b415f93dc56018558fa6c,5bdb65eb27415b0004330ace,2025-01-09 14:30:00,2025-01-09 9:25:29,2025-01-09 13:16:25,9,am,,2025-01-09 13:58:42,FALSE,,FALSE,21.76,32
66c667910baf066b4fbe100c,669c1f43d0200bf317045cbb,5e7266e3759cf60016d86c98,2024-09-25 22:00:00,2024-08-21 22:17:53,2024-08-22 15:50:21,8,pm,2024-08-22 15:50:30,,TRUE,,FALSE,20.27,34
66f994f9da8d24fd7255d175,63e58fe108d1f563242844d2,5e95d5f5cf5e8d001653314e,2024-10-01 14:00:00,2024-09-29 17:57:13,2024-09-29 18:07:42,8,am,2024-09-29 18:08:32,,TRUE,,FALSE,21.72,37
674a5cfea9ed8ecbd9ea0011,62e1722798ff4c01b6e49fd8,641deef039646601c0df8cea,2024-11-30 23:00:00,2024-11-30 0:31:59,2024-11-30 7:09:51,8,pm,,,FALSE,,FALSE,21.95,32
66fdced2f2fc4a218a788f13,628943dd892b3701c05ffa8f,5c539532fe63b800166ddb2d,2024-10-03 13:30:00,2024-10-02 22:53:06,2024-10-03 4:50:46,8,am,,,FALSE,,FALSE,19.84,30
672415d420e518b353a56629,63aca822c01b7dd0c712016c,61a568e0cb11990185bb97c7,2024-11-16 14:30:00,2024-10-31 23:42:13,2024-11-03 3:01:37,8,am,,,FALSE,,FALSE,27.09,39
66f4513f288a4fe2d68ee7ae,62530d02c81e5201b040aef8,6203e9b58fa46801a9ed5f21,2024-10-16 13:00:00,2024-09-25 18:06:56,2024-09-26 20:33:27,7,am,,,FALSE,,FALSE,19.73,31
673e7ec4273191aed5c3e23c,6476b211bb6f19b937bf9ec2,5c06fe1f61d521000488a0f2,2024-11-30 14:30:00,2024-11-21 0:28:52,2024-11-21 6:29:14,9,am,,2024-11-27 19:04:40,FALSE,,FALSE,20.35,29
674a1744124cd43b120059f8,652dff6bcc967a5ceb2f0d40,641deef039646601c0df8cea,2024-11-30 15:00:00,2024-11-29 19:34:28,2024-11-29 22:36:11,8,am,,,FALSE,,FALSE,21.92,32
66fa15d5ac3b0b4880933057,6703619af472d33b6820568c,611af67795f4c501662edb31,2024-10-17 5:30:00,2024-09-30 3:07:01,2024-10-11 22:00:24,8,noc,,,FALSE,,FALSE,22.57,24
677e8c37b6b6155cf926faf3,659b9fcf27861cb389d28a19,61c3ac32bc5db301874bf1e5,2025-01-08 22:00:00,2025-01-08 14:31:19,2025-01-08 18:11:30,8,pm,,,FALSE,,FALSE,18.34,28
67852d73d9a101d6b904a7a3,633111ba9603d78083a06506,5ebf1773a253570017a27da2,2025-01-19 14:00:00,2025-01-13 15:12:51,2025-01-13 16:50:25,8,am,,,FALSE,,FALSE,22.48,30
670d54d906299c92b4769405,632f8b049603d78083671e58,5e95d5f5cf5e8d001653314e,2024-10-17 14:00:00,2024-10-14 17:28:57,2024-10-15 4:25:31,8,am,,,FALSE,,FALSE,21.7,37
6723cab3261e2b40ee21d9ad,66ce577593d8c27168225ff8,5c539532fe63b800166ddb2d,2024-11-01 13:30:00,2024-10-31 18:21:40,2024-10-31 20:25:49,8,am,,2024-10-31 23:30:56,FALSE,,FALSE,24.86,30
675f1812df7fc85cf0384a35,619583fc052b7601853a46be,5bdb65eb27415b0004330ace,2024-12-16 6:30:00,2024-12-15 17:55:30,2024-12-15 21:16:43,9,noc,,2024-12-16 4:13:59,FALSE,,FALSE,22.05,32
6772af85c288a2173eba9eb0,63fd3da5b57721d93e46105e,6197b1e6a706b30180020448,2024-12-30 15:15:00,2024-12-30 14:34:45,2024-12-30 14:41:41,8,am,,,FALSE,,FALSE,27.43,34
671a0d039e0dfa639bda31fa,62398b4b7f6b0501aadb8c2f,611af67795f4c501662edb31,2024-11-19 22:30:00,2024-10-24 9:01:56,2024-10-28 20:33:55,8,pm,,2024-11-19 2:53:20,FALSE,,FALSE,21.72,24
6705d617dda4450257aab248,6546a6717ff7c6eee53503ab,60257cdc1cd3a100160c67cf,2024-10-11 21:00:00,2024-10-09 1:02:16,2024-10-09 20:07:19,8,pm,,,FALSE,,FALSE,22.52,32
670af198642c9c40ef968527,620b4fabf59efb01ac047fb5,5bdb65eb27415b0004330ace,2024-10-20 13:30:00,2024-10-12 22:00:56,2024-10-15 4:38:43,9,am,,2024-10-20 6:04:00,FALSE,,FALSE,21.68,32
6718320fe09b3357ead8b01b,61bd2b616516f20180256589,60257cdc1cd3a100160c67cf,2024-10-28 5:00:00,2024-10-22 23:15:27,2024-10-23 5:35:50,8,noc,,,FALSE,,FALSE,23.33,32
67397161a129260277a59072,5de9873c8a4c0400168b0c83,5f06247c293f5c00178ae4cf,2024-11-17 14:30:00,2024-11-17 4:30:26,2024-11-17 5:19:08,9,am,,,FALSE,,FALSE,27.49,30
671a0ae2dbb054d29836e278,638439233540dfe4c2f0f65b,611af67795f4c501662edb31,2024-11-22 14:30:00,2024-10-24 8:52:50,2024-11-11 16:59:10,8,am,,,FALSE,,FALSE,21.74,24
6769d2d57453b23bedda6747,64b4f696deef5579a825a3d4,5ebf09a7fe8b200017aeb9eb,2024-12-27 22:30:00,2024-12-23 21:15:02,2024-12-27 20:16:42,8,pm,,,FALSE,,FALSE,31.17,26
67772be0fc8d6653a0695d57,6585fc9327861cb389080513,5ebf09a7fe8b200017aeb9eb,2025-01-03 14:30:00,2025-01-03 0:14:25,2025-01-03 1:42:59,8,am,,,FALSE,,FALSE,21.61,26
675ae0b09a05dabe25dbcc49,66a6dfe5d0200bf3174a889c,5c539532fe63b800166ddb2d,2024-12-12 14:30:00,2024-12-12 13:10:08,2024-12-12 13:17:14,8,am,,,FALSE,,FALSE,25.93,30
678903f0020d77da557119a5,5e15f738d124e500161c20ea,5e1ce78827ff480016e9133e,2025-01-16 14:30:00,2025-01-16 13:04:49,2025-01-16 13:17:57,9,am,,,FALSE,,FALSE,24.29,30
673ce029f6846c80bc375832,65637b607ff7c6eee5715445,5cb9f07135163900163f532c,2024-11-23 15:00:00,2024-11-19 18:59:54,2024-11-20 8:43:33,8,am,,2024-11-21 16:46:04,FALSE,,FALSE,18.81,28
67335b81b1cd0aaf0b0e9fe3,645e62f74107b99bc1ada48e,6197b1e6a706b30180020448,2024-11-12 14:00:00,2024-11-12 13:43:30,2024-11-12 13:50:22,8,am,2024-11-12 13:50:42,,TRUE,,FALSE,35.02,34
6737f0e0b392e85ded2847e1,62e1d86db5934201b642b3ec,5ebf09a7fe8b200017aeb9eb,2024-11-16 22:30:00,2024-11-16 1:09:52,2024-11-16 5:24:52,8,pm,,,FALSE,,FALSE,21.75,26
672149b9dd187512061e9e38,6290332da89f0301bb364933,6203e9b58fa46801a9ed5f21,2024-11-23 13:00:00,2024-10-29 20:46:50,2024-11-23 13:05:37,8,am,,,FALSE,,FALSE,24.87,31
66f98579ac3b0b488087ea83,640797d1b57721d93e11d213,5ebf09a7fe8b200017aeb9eb,2024-10-25 21:30:00,2024-09-29 16:51:06,2024-10-04 21:16:38,8,pm,,,FALSE,,FALSE,21.54,26
6707d5583eee6ae448861e00,6414a1303b626832d79d23a4,66fc129ed5b34b9bd50b7626,2024-10-23 21:00:00,2024-10-10 13:23:37,2024-10-15 0:08:24,8,pm,,,FALSE,,FALSE,23.52,33
673a58aa92eded2566659c81,62979304e6067b01bea9d52a,649cab49c4c12701bb7a2350,2024-11-18 6:00:00,2024-11-17 20:57:14,2024-11-17 21:56:23,8,noc,,,FALSE,,FALSE,25.4,31
67618522eea448dadcdb380b,61b3dd4111dd810185a2c4d1,637e71fd4a702e01b5e6261b,2024-12-18 19:00:00,2024-12-17 14:05:22,2024-12-17 17:47:59,6,am,2024-12-17 17:48:18,,TRUE,,FALSE,19.81,28
676e0dd2b2417d5493bd110b,6226cc9d7b906701abd8f5b3,613a636b4be49701666cf108,2024-12-27 6:30:00,2024-12-27 2:15:47,2024-12-27 3:17:33,8,noc,,2024-12-27 5:35:41,FALSE,,FALSE,22.55,46
6760ae954a3c7a302e228bfc,616dfd88367701016a6f6c30,5ebf16f8fe8b200017aebe0f,2024-12-17 15:00:00,2024-12-16 22:49:57,2024-12-17 9:59:11,8,am,,,FALSE,,FALSE,22.76,26
671e315d08311c3f23dff6e5,655d89de7ff7c6eee57bf302,6203e9b58fa46801a9ed5f21,2024-10-27 14:00:00,2024-10-27 12:26:05,2024-10-27 12:40:14,8,am,,,FALSE,,FALSE,34.78,31
678711292575b946f72e87ea,612f2e676e7de60166b4c46d,613a636b4be49701666cf108,2025-01-15 22:30:00,2025-01-15 1:36:42,2025-01-15 7:55:22,8,pm,,,FALSE,,FALSE,23.35,46
670e9b9be4f7a3915b811fee,65039c85be202a3a2ee6da61,5e7266e3759cf60016d86c98,2024-11-29 23:00:00,2024-10-15 16:43:07,2024-11-12 1:14:13,8,pm,,,FALSE,,FALSE,19.52,34
676ad99f30e1798d552217c7,62702dba106c8f01c619de0d,5e7266e3759cf60016d86c98,2025-01-11 23:00:00,2024-12-24 15:56:15,2025-01-11 18:53:17,8,pm,,,FALSE,,FALSE,26.33,34
6716d77eeaf203a9be830901,659f3a4327861cb3893721c0,60257cdc1cd3a100160c67cf,2024-10-22 13:00:00,2024-10-21 22:36:46,2024-10-22 12:17:50,8,am,,,FALSE,,FALSE,22.51,32
6737b1dc32a76a3684263690,626bae66d9a36e01c788997c,611af67795f4c501662edb31,2024-11-15 23:31:00,2024-11-15 20:41:01,2024-11-15 23:16:06,7,pm,,,FALSE,,FALSE,22.1,24
676dc29a125645fd89b7bb76,66fda196f472d33b685bd728,5ebf09a7fe8b200017aeb9eb,2024-12-27 14:30:00,2024-12-26 20:54:50,2024-12-27 13:34:06,8,am,,,FALSE,,FALSE,31.37,26
66f5e6bbd4d0fab6c0622f4b,643df7be04ac6a540c61b80e,629975daadd1d201bf713f31,2024-09-27 6:00:00,2024-09-26 22:57:00,2024-09-26 23:40:51,8,noc,,2024-09-27 0:06:22,FALSE,,FALSE,22.09,24
670c3fbc642c9c40efa58697,66388dbf5859f4238945ace1,610c3e4bb0d8850166b2bd41,2024-10-14 13:00:00,2024-10-13 21:46:36,2024-10-13 21:47:17,8,am,,,FALSE,,FALSE,24.93,31
6710b8835fa5b0e0ee36485d,6325cfcd9603d78083882405,5ebf16f8fe8b200017aebe0f,2024-10-18 6:00:00,2024-10-17 7:10:59,2024-10-17 9:59:04,8,noc,,,FALSE,,FALSE,21.91,26
6702de3de6ab1b35eb2d06ea,617d84d33987370186ee8123,5f52a9138c405c0016d30feb,2024-10-06 21:00:00,2024-10-06 19:00:13,2024-10-06 20:24:01,8,pm,,2024-10-21 16:15:45,FALSE,,FALSE,22.26,29
6722b3c2a96a947c70af0b9a,65832dd727861cb389b35e54,5c06fe1f61d521000488a0f2,2024-10-31 21:30:00,2024-10-30 22:31:30,2024-10-31 12:23:14,9,pm,,,FALSE,,FALSE,22.05,29
676eebbd765c5482fecab9c0,618dd45c7b70d50186d194ab,5c06fe1f61d521000488a0f2,2024-12-31 6:30:00,2024-12-27 18:02:38,2024-12-28 4:29:49,9,noc,,2024-12-30 2:59:40,FALSE,,FALSE,22.25,29
66f22b623395e3b200681dcf,641b181c3b626832d70a8353,5e1ce78827ff480016e9133e,2024-09-24 5:30:00,2024-09-24 3:00:51,2024-09-24 3:29:20,9,noc,,,FALSE,,FALSE,22.41,30
671c17edf5db8287b643a05e,6714787982fcef7cc31bfc82,5bdb65eb27415b0004330ace,2024-11-04 14:30:00,2024-10-25 22:13:02,2024-10-29 15:01:04,9,am,,,FALSE,,FALSE,21.93,32
671a86b9240b09a089439869,65373a5c02071e104187bc2b,5e95d5f5cf5e8d001653314e,2024-10-27 14:00:00,2024-10-24 17:41:14,2024-10-25 11:59:18,8,am,,2024-10-25 18:03:30,FALSE,,FALSE,22.11,37
678dc90ec59905eff8c3aaec,66a73ee0d0200bf317c95cc7,6179ae4b16096b0169b36fbc,2025-01-20 14:30:00,2025-01-20 3:54:55,2025-01-20 5:17:11,9,am,,2025-01-20 5:40:31,FALSE,,FALSE,22.91,33
67477f8b28a0d5d6fb071905,5c5e32d66e99b40016e7ae2e,5ebf16f8fe8b200017aebe0f,2024-12-31 15:00:00,2024-11-27 20:22:36,2024-12-05 19:42:01,8,am,,2024-12-26 19:03:02,FALSE,,FALSE,22.66,26
67745245c63be7b56fc4d552,65bc847246c0645699f8586f,61c3ac32bc5db301874bf1e5,2025-01-13 22:00:00,2024-12-31 20:21:26,2025-01-01 5:03:19,8,pm,,,FALSE,,FALSE,17.67,28
67669ec82029d5d55870b0bf,635cab997ccb0c3b06b26d1b,5e95d5f5cf5e8d001653314e,2024-12-21 15:00:00,2024-12-21 10:56:08,2024-12-21 13:20:21,8,am,,,FALSE,,FALSE,24.9,37
66ee376ae62bb5f43e3b74ed,647e67debb6f19b937c75591,611af67795f4c501662edb31,2024-10-29 13:30:00,2024-09-21 3:03:07,2024-10-24 20:09:36,8,am,,,FALSE,,FALSE,21.99,24
6775c2f834d1c9c625da2824,621f4c73871e4d01ae8052a2,613a636b4be49701666cf108,2025-01-02 22:30:00,2025-01-01 22:34:33,2025-01-02 6:48:01,8,pm,,2025-01-02 18:32:26,FALSE,,FALSE,23,46
6761b1773cdffb80232c5719,621262118d685201ae1d78b0,65428c5eb9ae7bfe06a31fec,2024-12-20 1:00:00,2024-12-17 17:14:32,2024-12-18 19:22:56,12,pm,,,FALSE,,FALSE,32.89,39
678903f0020d77da557119a5,62e164fe98ff4c01b6e33a51,5e1ce78827ff480016e9133e,2025-01-16 14:30:00,2025-01-16 13:04:49,2025-01-16 13:18:15,9,am,,,FALSE,,FALSE,24.63,30
6733b36803b0283694849b29,66173bbbb44011b92caadf6f,60dba05c86c2470166fb1296,2024-11-12 23:00:00,2024-11-12 19:58:33,2024-11-12 20:17:44,8,pm,,,FALSE,,FALSE,33.14,39
6748d5f0c56a3241b9e32c97,64929199fdebe497ce343ed4,611af67795f4c501662edb31,2024-11-29 6:30:00,2024-11-28 20:43:28,2024-11-28 21:25:09,8,noc,,,FALSE,,FALSE,36,24
66f58a4c0ec96ee405432e9d,61e60b3f34d4ec018bd81be6,65428c5eb9ae7bfe06a31fec,2024-10-04 0:00:00,2024-09-26 16:22:37,2024-09-27 19:17:52,12,pm,,,FALSE,,FALSE,32.14,39
672d26c437e733706636028d,66d2915e93d8c27168fc5b97,61f1d66bcc1e0a018a32786c,2024-11-28 22:30:00,2024-11-07 20:44:53,2024-11-08 3:02:14,8,pm,,,FALSE,,FALSE,39.7,36
66ee389fd08827ef6a97b261,61fc8f78c0118c01989752df,611af67795f4c501662edb31,2024-10-14 21:30:00,2024-09-21 3:08:16,2024-10-01 2:27:21,8,pm,,,FALSE,,FALSE,21.96,24
66f1ad1271113d1aa0c659e5,61b0bc8d15a77b01848193c9,5ebf09a7fe8b200017aeb9eb,2024-09-28 21:30:00,2024-09-23 18:01:55,2024-09-23 18:39:26,8,pm,,,FALSE,,FALSE,22.25,26
671133c6b15d29f89b945d26,63a74463c01b7dd0c78999f3,5c06fe1f61d521000488a0f2,2024-10-31 21:30:00,2024-10-17 15:56:54,2024-10-31 21:32:35,9,pm,,,FALSE,,FALSE,30.82,29
6783ef14b60338dd092c2b62,6114b706f773420166b09209,5ebf09a7fe8b200017aeb9eb,2025-01-12 22:30:00,2025-01-12 16:34:29,2025-01-12 21:21:16,8,pm,,,FALSE,,FALSE,25.46,26
675c96f5b2ce577dd5309669,614b501cff90cc01668957d1,5ebf09a7fe8b200017aeb9eb,2024-12-14 22:30:00,2024-12-13 20:20:05,2024-12-14 20:57:47,8,pm,,,FALSE,,FALSE,25.83,26
6769b11d87448cb717a11e22,666e46bf53f8a9d7f3df98f1,6682fbd431094eacf70b20f1,2024-12-23 22:15:00,2024-12-23 18:51:10,2024-12-23 21:39:00,8,pm,,,FALSE,,FALSE,20.6,37
672d5604cc9785c4c428dd54,66e87080f472d33b681a398c,622fd7d048ade501b1ab4b15,2024-11-08 7:00:00,2024-11-08 0:06:29,2024-11-08 2:02:26,8,noc,,,FALSE,,FALSE,22.94,41
672d50629698523e51fb6637,5c92df0b0f767b00160f377d,5e7e2c903bfbb20016504128,2024-11-08 6:30:00,2024-11-07 23:42:27,2024-11-08 5:22:33,8,noc,,,FALSE,,FALSE,20.9,35
6716cb0c1f835f2783e19f9c,61f836baa33400018a8aa387,5e1ce78827ff480016e9133e,2024-10-31 21:30:00,2024-10-21 21:43:41,2024-10-21 22:09:59,9,pm,,2024-10-24 20:29:29,FALSE,,FALSE,27.57,30
67227514a96a947c70aaa5a1,639d3716c01b7dd0c7f15f57,5ebf09a7fe8b200017aeb9eb,2024-10-31 21:30:00,2024-10-30 18:04:05,2024-10-31 3:12:10,8,pm,,,FALSE,,FALSE,22.68,26
6715dec83907e5913c0ebfa8,613d4108423fe801667fa854,5f52a9138c405c0016d30feb,2024-10-21 13:00:00,2024-10-21 4:55:36,2024-10-21 12:17:22,8,am,,2024-10-21 16:15:20,FALSE,,FALSE,22.22,29
671923f9fa5c3ab24a674a7b,610da63122711f016691cda4,5f594c78bec4a800166418eb,2024-10-24 13:00:00,2024-10-23 16:27:37,2024-10-23 20:49:05,8,am,,,FALSE,,FALSE,22.25,36
67020bf07d25fc7c405fe1bb,60945b09e1aab40166d24572,62be1df86451d501bef14792,2024-10-06 14:00:00,2024-10-06 4:02:57,2024-10-06 4:30:13,8,am,,,FALSE,,FALSE,22.94,32
67533e21fc9d4cdbbbcff8bd,645c6c534107b99bc185a228,6203e9b58fa46801a9ed5f21,2024-12-17 13:00:00,2024-12-06 18:10:41,2024-12-07 6:56:44,8,am,,,FALSE,,FALSE,22.3,31
66f99069ac3b0b488088861f,6164438afdd396016a691bcf,5ff4f626909f7a00160d06fd,2024-09-29 21:00:00,2024-09-29 17:37:45,2024-09-29 20:20:21,8,pm,,,FALSE,,FALSE,25.7,31
6706d96441ac6d243ce0a9fe,63375c499603d780839842f1,5bdb65eb27415b0004330ace,2024-10-13 13:30:00,2024-10-09 19:28:37,2024-10-11 4:45:31,8,am,,,FALSE,,FALSE,22.91,32
67380913bfb442cae79303b7,62ad504dcba1ba01be812107,60257cdc1cd3a100160c67cf,2024-11-16 22:00:00,2024-11-16 2:53:07,2024-11-16 6:24:34,8,pm,,,FALSE,,FALSE,21.42,32
66f98588ac3b0b488087eb75,645abf83b13deaf45ffcb74f,5ebf09a7fe8b200017aeb9eb,2024-10-21 21:30:00,2024-09-29 16:51:21,2024-10-21 13:36:40,8,pm,,2024-10-21 14:13:31,FALSE,,FALSE,21.26,26
671c4c86c95ccce902cdd0fe,62dc382d259c3501b67c9478,5e95d5f5cf5e8d001653314e,2024-10-26 6:00:00,2024-10-26 1:57:26,2024-10-26 5:02:12,8,noc,,,FALSE,,FALSE,22.59,37
66f70eaee430e1761c546485,6248d105104f9501b14ea576,60dba05c86c2470166fb1296,2024-09-29 14:00:00,2024-09-27 19:59:43,2024-09-29 10:17:29,8,am,,,FALSE,,FALSE,29.86,39
67107ebb5fa5b0e0ee347a11,646420464107b99bc1cd4112,611af67795f4c501662edb31,2024-10-17 5:30:00,2024-10-17 3:04:27,2024-10-17 3:22:37,8,noc,,,FALSE,,FALSE,27,24
671a0a64dbb054d29836df3e,65a0216d27861cb3891c8ed7,611af67795f4c501662edb31,2024-11-08 14:30:00,2024-10-24 8:50:45,2024-11-04 22:48:04,8,am,,2024-11-06 8:42:32,FALSE,,FALSE,21.63,24
670af2f5642c9c40ef96a93c,66ca5de693d8c27168f47ad3,5bdb65eb27415b0004330ace,2024-10-17 21:30:00,2024-10-12 22:06:45,2024-10-16 1:29:37,9,pm,,2024-10-16 21:04:53,FALSE,,FALSE,22.2,32
6712d84475d43858dc21aefc,6293915385af0901bea65852,62be1df86451d501bef14792,2024-10-19 7:00:00,2024-10-18 21:51:01,2024-10-18 22:46:03,8,noc,,,FALSE,,FALSE,23.87,32
674e053678089c900ba33464,64ad83cfdeef5579a8604907,5c06fe1f61d521000488a0f2,2024-12-28 22:30:00,2024-12-02 19:06:30,2024-12-28 21:52:55,9,pm,,,FALSE,,FALSE,21.52,29
67478c6f28a0d5d6fb085e4f,65e6efa8bb0ca70164c3a583,5ebf16f8fe8b200017aebe0f,2024-12-07 23:00:00,2024-11-27 21:17:35,2024-11-30 7:14:28,8,pm,,,FALSE,,FALSE,21.59,26
671138c324755b342d8923b7,62aa667424711101beac12c9,6203e9b58fa46801a9ed5f21,2024-11-16 1:00:00,2024-10-17 16:18:12,2024-10-17 16:27:00,12,pm,,2024-11-15 20:12:22,FALSE,,FALSE,22.33,31
674500546551609ad6f56bf7,662d26bab44011b92c104e6d,5e8f18c7c2980b00164326a9,2024-11-28 15:00:00,2024-11-25 22:55:16,2024-11-26 5:33:28,12,am,,,FALSE,,FALSE,29.52,34
674c0e499f8bf8fd9e732e7e,65373a5c02071e104187bc2b,5ebf09a7fe8b200017aeb9eb,2024-12-01 14:30:00,2024-12-01 7:20:42,2024-12-01 13:22:04,8,am,,,FALSE,,FALSE,22.51,26
6737c365540ebad3abf904b0,645ea96e4107b99bc1baa38f,5e47201390bc130016bbe03f,2024-11-16 22:30:00,2024-11-15 21:55:49,2024-11-16 15:00:25,8,pm,,2024-11-16 17:06:16,FALSE,,FALSE,19.86,33
6716cb0d1f835f2783e19fb3,62c871135069df01bf67a121,5e1ce78827ff480016e9133e,2024-10-31 21:30:00,2024-10-21 21:43:42,2024-10-25 1:31:14,9,pm,,,FALSE,,FALSE,21.85,30
66ff6ec9c1681f7b224eb9ae,66dbdc5af472d33b68dd6d67,61a568e0cb11990185bb97c7,2024-10-26 5:30:00,2024-10-04 4:27:54,2024-10-04 23:39:56,9,noc,,2024-10-09 6:37:43,FALSE,,FALSE,24.21,39
67887bc7e5558ea30a51351e,622900b84c769d01abcad6b9,613a636b4be49701666cf108,2025-01-18 14:30:00,2025-01-16 3:23:52,2025-01-18 13:21:53,8,am,,,FALSE,,FALSE,23.4,46
671454b32aac59e4338921a3,625db2f460224a01ac1b54a7,5ebf09a7fe8b200017aeb9eb,2024-10-20 13:30:00,2024-10-20 0:54:12,2024-10-20 3:49:54,8,am,,,FALSE,,FALSE,23.63,26
66fa1c4aac3b0b48809400e3,6414a1303b626832d79d23a4,611af67795f4c501662edb31,2024-10-25 13:30:00,2024-09-30 3:34:35,2024-10-22 22:06:14,8,am,,,FALSE,,FALSE,21.71,24
66ff65d16155015bf5eb5f8c,62b9e3fe59aeeb01c2feff90,61a568e0cb11990185bb97c7,2024-10-08 21:30:00,2024-10-04 3:49:38,2024-10-04 19:09:12,9,pm,,,FALSE,,FALSE,24.35,39
678b372b407aea5677dc33fa,656a2f8e7ff7c6eee53aff80,5f90996f47378e0016a839b2,2025-01-18 22:30:00,2025-01-18 5:07:56,2025-01-18 5:23:39,8,pm,,,FALSE,,FALSE,33.06,39
670b0dab2b7cfafac4fe9023,6439f44004ac6a540c9f1152,615b663fbd4bd10188739177,2024-10-13 21:30:00,2024-10-13 0:00:43,2024-10-13 4:18:23,8,pm,,,FALSE,,FALSE,21.55,43
67873fccc75518eaa3367841,65074b3abe202a3a2e4b3e92,61a568e0cb11990185bb97c7,2025-01-15 14:30:00,2025-01-15 4:55:40,2025-01-15 5:21:57,8,am,,,FALSE,,FALSE,28.18,39
671a0f499e0dfa639bda39c9,63338a5d9603d78083d3ce77,611af67795f4c501662edb31,2024-11-16 6:30:00,2024-10-24 9:11:37,2024-11-16 4:58:21,8,noc,,,FALSE,,FALSE,29.28,24
6777371623441a818169d3cc,65b9234546c0645699e31b07,5bdb65eb27415b0004330ace,2025-01-12 23:00:00,2025-01-03 1:02:15,2025-01-09 8:08:56,8,pm,,,FALSE,,FALSE,22.04,32
671a0b7b4bf9c580b6a3bd74,65760157d1bbdee1d1c2c699,611af67795f4c501662edb31,2024-11-04 6:30:00,2024-10-24 8:55:24,2024-10-28 19:15:20,8,noc,,,FALSE,,FALSE,22.14,24
671aa8d0d4afd2e5996f4c3a,6494d682fdebe497ce7440db,5ebf1773a253570017a27da2,2024-10-25 5:00:00,2024-10-24 20:06:40,2024-10-24 20:24:58,8,noc,,,FALSE,,FALSE,21.51,30
66eb8d292132fbd9fe1614af,66343b855859f42389137a16,5f2305c10626e100169c6000,2024-09-28 21:30:00,2024-09-19 2:32:09,2024-09-21 15:01:06,9,pm,,2024-09-28 3:15:37,FALSE,,FALSE,25.02,42
6781b5ab87fcf0ff78b51dd1,62dc293653b4b301b5d8dcca,641deef039646601c0df8cea,2025-01-11 23:00:00,2025-01-11 0:05:00,2025-01-11 5:19:53,8,pm,,,FALSE,,FALSE,23,32
672be5c11547e5ed439c3901,60ad6d0286f08d01662c2de6,6682fbd431094eacf70b20f1,2024-11-15 6:30:00,2024-11-06 21:55:14,2024-11-07 20:15:26,9,noc,,2024-11-15 3:10:52,FALSE,,FALSE,18.67,37
6711ed0cb1cdf4ee692ed87a,61f033e260da81018ac22022,61ba9fe7b976f90180a04e56,2024-10-18 21:00:00,2024-10-18 5:07:25,2024-10-18 8:43:43,8,pm,,,FALSE,,FALSE,23.89,35
6716cad603a023a7158fceab,65caf8ab277df9830be99d27,5e1ce78827ff480016e9133e,2024-10-25 13:30:00,2024-10-21 21:42:46,2024-10-23 17:19:07,9,am,,,FALSE,,FALSE,22.66,30
66f6fd366ab7904e238ff540,64cc60d9ffacc00ad345ba58,5cb9f07135163900163f532c,2024-09-28 6:00:00,2024-09-27 18:45:11,2024-09-28 4:16:59,8,noc,,,FALSE,,FALSE,19.72,28
677bf047721dcf532be61963,6247f3e6104f9501b130405d,5ebf1773a253570017a27da2,2025-01-12 22:00:00,2025-01-06 15:01:28,2025-01-06 21:16:28,8,pm,,,FALSE,,FALSE,22.15,30
66f5772df9fde608eb37d5f3,632c00309603d78083da3f36,5ebf16f8fe8b200017aebe0f,2024-09-27 14:00:00,2024-09-26 15:01:01,2024-09-26 20:19:51,8,am,,,FALSE,,FALSE,21.93,26
671fcc0b8ab777040d6903aa,6569b5fe7ff7c6eee5ef8073,5c06fe1f61d521000488a0f2,2024-11-13 22:30:00,2024-10-28 17:38:20,2024-10-29 21:05:57,9,pm,,,FALSE,,FALSE,21.13,29
67228837be91ce3dde8a1a9f,64be8c71deef5579a82aa9f8,5c06fe1f61d521000488a0f2,2024-10-31 13:30:00,2024-10-30 19:25:43,2024-10-30 22:19:11,9,am,,,FALSE,,FALSE,22.17,29
66f25d183395e3b2006afffc,6380e7be3540dfe4c2f3c5fc,5e1ce78827ff480016e9133e,2024-09-24 13:30:00,2024-09-24 6:32:56,2024-09-24 12:23:55,9,am,,2024-09-24 12:33:28,FALSE,,FALSE,21.51,30
6781a25ebd46f2f9603b9f73,671c290e82fcef7cc38469db,61254ca13eea47016699c143,2025-01-11 23:00:00,2025-01-10 22:42:38,2025-01-11 13:19:16,8,pm,,,FALSE,,FALSE,21.41,38
6715772466fa12c50b0fa304,6397329ac01b7dd0c77613e2,5e95d5f5cf5e8d001653314e,2024-10-20 22:00:00,2024-10-20 21:33:24,2024-10-20 21:41:43,8,pm,,,FALSE,,FALSE,22.13,37
6721165ca1416f365f5eb213,636fbead7ccb0c3b06625cd7,5e95d5f5cf5e8d001653314e,2024-10-31 22:00:00,2024-10-29 17:07:41,2024-10-30 5:56:20,8,pm,,2024-10-30 21:39:44,FALSE,,FALSE,22.71,37
67084af54c9961b6ccd298b8,64a9dbb0deef5579a8d9c153,5ebf16f8fe8b200017aebe0f,2024-10-18 22:00:00,2024-10-10 21:45:26,2024-10-17 20:17:25,8,pm,,,FALSE,,FALSE,22.21,26
6733ca23e6ba8a3c5a346a8b,62225cd7f5f74401a95d8166,5ebf09a7fe8b200017aeb9eb,2024-11-16 22:30:00,2024-11-12 21:35:31,2024-11-13 20:51:26,8,pm,,,FALSE,,FALSE,22.36,26
6722e2adbe91ce3dde8ea0da,62bb9a89e9319301c0045db0,6179ae4b16096b0169b36fbc,2024-10-31 13:30:00,2024-10-31 1:51:41,2024-10-31 4:31:12,9,am,,,FALSE,,FALSE,20.48,33
671a0b35dbb054d29836e40c,645a4987b13deaf45fc560e2,611af67795f4c501662edb31,2024-11-29 14:30:00,2024-10-24 8:54:13,2024-11-16 5:05:14,8,am,,2024-11-29 17:06:45,FALSE,,FALSE,21.81,24
671fcc4c8ab777040d69087c,66a1c5d6d0200bf31783bc77,5c06fe1f61d521000488a0f2,2024-11-26 22:30:00,2024-10-28 17:39:25,2024-10-31 4:21:07,9,pm,,2024-11-25 23:21:09,FALSE,,FALSE,22.28,29
673cdd50f6846c80bc372f09,63c248eefe7ae5e658e69671,5e95d5f5cf5e8d001653314e,2024-11-29 7:00:00,2024-11-19 18:47:45,2024-11-29 5:56:26,8,noc,,,FALSE,,FALSE,48.12,37
671a0ae1dbb054d29836e261,66483b6e53f8a9d7f374311c,611af67795f4c501662edb31,2024-11-22 14:30:00,2024-10-24 8:52:50,2024-11-09 7:59:20,8,am,,2024-11-22 3:53:15,FALSE,,FALSE,22.44,24
66ee36dce62bb5f43e3b36bd,66a2b5ddd0200bf317fcb77c,611af67795f4c501662edb31,2024-10-18 13:30:00,2024-09-21 3:00:44,2024-10-18 5:54:21,8,am,,,FALSE,,FALSE,22.37,24
671a0fea9e0dfa639bda3b51,61a6cb715c1c1d0185bedbc8,611af67795f4c501662edb31,2024-11-24 6:30:00,2024-10-24 9:14:18,2024-11-07 15:06:15,8,noc,,2024-11-23 14:52:05,FALSE,,FALSE,22.37,24
6765c0c374e4c9b689ffbe9d,654320cd7ff7c6eee58e4e8a,66fc129ed5b34b9bd50b7626,2024-12-20 22:00:00,2024-12-20 19:08:52,2024-12-20 21:19:51,8,pm,,,FALSE,,FALSE,24.08,33
66fee695286d19845333b66e,5eaf27724be947001622d34f,5e1ce78827ff480016e9133e,2024-10-03 21:30:00,2024-10-03 18:46:46,2024-10-03 21:11:39,9,pm,,,FALSE,,FALSE,22.95,30
674894a0abc36c64294a0dbf,62a2a1a5b1c46fcabde55619,60dba05c86c2470166fb1296,2024-11-29 15:00:00,2024-11-28 16:04:49,2024-11-28 19:57:32,8,am,,,FALSE,,FALSE,20.51,39
677ae16623aaa8c3269d4aa3,61fd624549413901ac12441e,61a568e0cb11990185bb97c7,2025-01-05 22:30:00,2025-01-05 19:45:43,2025-01-05 22:21:19,8,pm,,,FALSE,,FALSE,28.59,39
671133a4b76012af4cc3282b,637d37e23540dfe4c2529491,5c06fe1f61d521000488a0f2,2024-10-21 21:30:00,2024-10-17 15:56:21,2024-10-18 11:12:14,9,pm,,2024-10-21 22:58:15,FALSE,,FALSE,22.01,29
6774c470b86fe18d3e9beccb,5bc0f968d7e9ff0004c767a5,628439ec1df59901b9c4f568,2025-01-03 6:30:00,2025-01-01 4:28:33,2025-01-01 4:28:37,8,noc,2025-01-01 4:28:41,,TRUE,,FALSE,20.14,30
6721419e7511f4af770663a9,623b47b8e3286a01ab1c574b,5f2305c10626e100169c6000,2024-10-29 21:30:00,2024-10-29 20:12:15,2024-10-29 20:24:04,9,pm,,,FALSE,,FALSE,28.03,42
6745b53fe72c7b02994d97d4,66b0b404d0200bf317d9afbb,5d011e7757d52f00162c9fe1,2024-11-26 14:30:00,2024-11-26 11:47:12,2024-11-26 14:06:44,8,am,,,FALSE,,FALSE,21.71,24
677c320927f2f9216f489346,668081ae0c8bae033d66c549,5c06fe1f61d521000488a0f2,2025-01-10 22:30:00,2025-01-06 19:42:01,2025-01-07 21:29:38,9,pm,,,FALSE,,FALSE,22.09,29
6764bac2b80408f1ba60491d,6210252c049ec501ae84c9c9,641deef039646601c0df8cea,2024-12-20 23:00:00,2024-12-20 0:30:58,2024-12-20 21:19:39,8,pm,,,FALSE,,FALSE,23.11,32
670d2c83f61fcbf16d851ec5,66c642e693d8c271680c900c,5e95d5f5cf5e8d001653314e,2024-10-14 22:00:00,2024-10-14 14:36:51,2024-10-14 18:01:58,8,pm,,,FALSE,,FALSE,22,37
675368406911ba124dfa575d,61538a8f308e4a01824b5d45,66fc129ed5b34b9bd50b7626,2024-12-06 22:00:00,2024-12-06 21:10:25,2024-12-06 21:10:53,8,pm,,,FALSE,,FALSE,23.37,33
66f8be3bda8d24fd72492b3c,64d95e02ffacc00ad3f6b8f2,62be1df86451d501bef14792,2024-09-29 22:00:00,2024-09-29 2:40:59,2024-09-29 4:38:42,8,pm,,,FALSE,,FALSE,23.92,32
677b6aea6d4dce726b92ba0f,63c63b95fe7ae5e658a34d1a,6179ae4b16096b0169b36fbc,2025-01-06 14:30:00,2025-01-06 5:32:26,2025-01-06 13:58:50,9,am,,,FALSE,,FALSE,23.5,33
66fa1809ac3b0b48809386ed,5dd458d4c4f6e9001604d01b,611af67795f4c501662edb31,2024-10-24 5:30:00,2024-09-30 3:16:25,2024-10-03 19:40:07,8,noc,,2024-10-22 3:54:59,FALSE,,FALSE,21.6,24
677c3308e8f68f45dda94a95,64dfe2c13aa6333ac612e5a7,5c06fe1f61d521000488a0f2,2025-01-15 22:30:00,2025-01-06 19:46:16,2025-01-10 0:50:42,9,pm,,,FALSE,,FALSE,22.04,29
670934676d61766416884021,666cd00a53f8a9d7f399e534,5f2305c10626e100169c6000,2024-10-11 21:30:00,2024-10-11 14:21:27,2024-10-11 20:18:23,9,pm,,,FALSE,,FALSE,27.32,42
6722a14ebe91ce3dde8bcb7b,6638ffa35859f42389cbfbd9,5e47201390bc130016bbe03f,2024-11-02 21:30:00,2024-10-30 21:12:47,2024-11-01 12:44:50,8,pm,,2024-11-01 14:01:37,FALSE,,FALSE,20.28,33
6777d4cc1755c19391ef9327,65b1c6ce46c064569933b302,611af67795f4c501662edb31,2025-01-03 14:30:00,2025-01-03 12:15:09,2025-01-03 12:32:57,9,am,,,FALSE,,FALSE,23.2,24
67117ef8f0febaf699d27c34,622421b79797c801a99d3063,61f1d66bcc1e0a018a32786c,2024-10-20 13:30:00,2024-10-17 21:17:45,2024-10-20 7:13:32,8,am,,,FALSE,,FALSE,31.72,36
673edf67f1a62d15eb57a3c1,638c4c2a528ff9856497b7ec,5ebf09a7fe8b200017aeb9eb,2024-11-21 14:30:00,2024-11-21 7:21:11,2024-11-21 13:16:42,8,am,,,FALSE,,FALSE,22.17,26
66faa011dbd298c032e857d8,6639af425859f42389bdd28b,5bdb65eb27415b0004330ace,2024-10-03 21:30:00,2024-09-30 12:56:50,2024-10-01 0:56:18,8,pm,,2024-10-02 21:22:33,FALSE,,FALSE,22.4,32
66f9955d1141258d42160db3,61f661b7e34c46018a7f7bc8,5e95d5f5cf5e8d001653314e,2024-10-01 22:00:00,2024-09-29 17:58:53,2024-09-30 15:16:56,8,pm,,,FALSE,,FALSE,22.61,37
66f6c627d3374d744ab41f45,66ae4206d0200bf317c72fe3,5f594c78bec4a800166418eb,2024-10-06 21:00:00,2024-09-27 14:50:16,2024-10-06 3:59:32,8,pm,,,FALSE,,FALSE,20.23,36
6755b46961297ef3227fb9c4,6255e6c649508c01adb411e9,5e95d5f5cf5e8d001653314e,2024-12-08 23:00:00,2024-12-08 14:59:53,2024-12-08 20:25:12,8,pm,,,FALSE,,FALSE,22.53,37
6761dbb71add7337ea6e5aa8,64d1cac5ffacc00ad36744e8,611af67795f4c501662edb31,2024-12-18 6:30:00,2024-12-17 20:14:47,2024-12-17 21:17:41,8,noc,,,FALSE,,FALSE,22,24
67817de063d2cf1ef8557631,626e187bd9a36e01c7e8dc8c,5ebf09a7fe8b200017aeb9eb,2025-01-18 22:30:00,2025-01-10 20:06:56,2025-01-11 22:07:35,8,pm,,,FALSE,,FALSE,22.35,26
67611f7e567bdf9e4b2a98ab,6129ea5598d32501665cd369,61ca2885c53233018befdf8c,2024-12-18 15:00:00,2024-12-17 6:51:42,2024-12-17 10:17:21,7,am,,,FALSE,,FALSE,23.7,31
671a0a88dbb054d29836e025,66f04606f472d33b68703a25,611af67795f4c501662edb31,2024-11-11 14:30:00,2024-10-24 8:51:20,2024-10-31 5:16:29,8,am,,,FALSE,,FALSE,22.17,24
6769d2d1a7b66cca30da302d,64533104b13deaf45fe30d44,5ebf09a7fe8b200017aeb9eb,2024-12-28 22:30:00,2024-12-23 21:14:57,2024-12-24 6:51:06,8,pm,,,FALSE,,FALSE,21.32,26
6704127f85677dd0d9ef8bfb,632b77149603d780839ebc02,5cb9f07135163900163f532c,2024-10-08 14:00:00,2024-10-07 16:55:27,2024-10-07 19:06:58,8,am,,2024-10-07 19:32:39,FALSE,,FALSE,19.23,28
66faa011dbd298c032e857cc,61955e44539e5901859178a6,5bdb65eb27415b0004330ace,2024-10-04 21:30:00,2024-09-30 12:56:50,2024-09-30 22:59:52,8,pm,,2024-10-03 23:20:22,FALSE,,FALSE,21.82,32
6754ba27126fd2c42c55620b,63e5ab0708d1f56324770c1f,5f2305c10626e100169c6000,2024-12-07 22:30:00,2024-12-07 21:12:07,2024-12-07 21:22:27,9,pm,,,FALSE,,FALSE,28.79,42
66df71dbd59aef24a037dca3,62fbe36f0b9c9801b46795e6,5e7e411c3bfbb200165725c8,2024-09-28 21:30:00,2024-09-09 22:08:28,2024-09-14 19:48:09,9,pm,,,FALSE,,FALSE,20.54,27
6778e3fd615f6af94215da87,6600b2096b5cf282190087c2,5c06fe1f61d521000488a0f2,2025-01-04 22:30:00,2025-01-04 7:32:13,2025-01-04 13:17:29,9,pm,,,FALSE,,FALSE,21.91,29
66f1edcb22d110b69632418f,66ab1485d0200bf317fb2abf,5cb9f07135163900163f532c,2024-09-24 6:00:00,2024-09-23 22:38:03,2024-09-24 2:44:08,8,noc,,,FALSE,,FALSE,20.35,28
67034e30d897e4f8fcf1cc23,64b61462deef5579a8782df3,5bdb65eb27415b0004330ace,2024-10-07 13:30:00,2024-10-07 2:57:53,2024-10-07 4:16:42,9,am,,,FALSE,,FALSE,22.66,32
67128b2b859dbf1a35e0fe8d,66bee0b893d8c27168364405,5f594c78bec4a800166418eb,2024-10-22 21:00:00,2024-10-18 16:22:04,2024-10-18 22:34:53,8,pm,2024-10-18 22:35:40,,TRUE,,FALSE,19.05,36
6706fbea8ba86ae7af82df8a,663d01c65859f423894a1c35,6682fbd431094eacf70b20f1,2024-10-13 21:15:00,2024-10-09 21:55:54,2024-10-10 7:35:31,8,pm,2024-10-10 7:36:15,,TRUE,,FALSE,19.16,37
6704088a85677dd0d9eefb44,641944bc3b626832d7c05ec1,5e1ce78827ff480016e9133e,2024-10-07 21:30:00,2024-10-07 16:12:58,2024-10-07 20:22:35,9,pm,,,FALSE,,FALSE,22.09,30
67763f3760a878d0b2ee6bdb,61f661b7e34c46018a7f7bc8,6682fbd431094eacf70b20f1,2025-01-02 8:00:00,2025-01-02 7:24:39,2025-01-02 7:40:17,8,noc,,,FALSE,,FALSE,21.19,37
66fa179aac3b0b488093768a,61fd5a546768b001af175a3f,611af67795f4c501662edb31,2024-10-22 5:30:00,2024-09-30 3:14:35,2024-10-01 13:56:45,8,noc,,2024-10-18 8:24:56,FALSE,,FALSE,22.18,24
673d1631f2c0c64fdbbacf68,628e6cec8b884d01bd9e583b,61ca2885c53233018befdf8c,2024-11-30 22:30:00,2024-11-19 22:50:25,2024-11-29 4:35:57,9,pm,,,FALSE,,FALSE,20.87,31
671a0cd89e0dfa639bda3154,642c937fd16cc8d40b170ab4,611af67795f4c501662edb31,2024-11-16 22:30:00,2024-10-24 9:01:12,2024-11-11 6:26:20,8,pm,,,FALSE,,FALSE,22.22,24
6764948bc8a6abbbc77633a4,673703b985353a62225ab6c0,5bdb65eb27415b0004330ace,2024-12-30 14:30:00,2024-12-19 21:47:55,2024-12-20 10:47:52,9,am,,2024-12-28 19:16:06,FALSE,,FALSE,21.88,32
678673b5bc6237b36309889a,667853410c8bae033d8d8571,6397792db6b96101b60b854e,2025-01-14 16:00:00,2025-01-14 14:24:54,2025-01-14 14:37:05,6,am,,,FALSE,,FALSE,23.05,32
6765cc1bf10b3e28471c408f,65c19a4346c06456996aa527,5e1ce78827ff480016e9133e,2024-12-27 22:30:00,2024-12-20 19:57:15,2024-12-26 2:45:20,9,pm,,2024-12-27 22:12:20,FALSE,,FALSE,23.17,30
671ebcfbf5db8287b6623b40,64dfe2c13aa6333ac612e5a7,5e95d5f5cf5e8d001653314e,2024-10-28 6:00:00,2024-10-27 22:21:47,2024-10-28 3:17:01,8,noc,,,FALSE,,FALSE,23.46,37
675746bbb2b414a230e6bf97,669fe772d0200bf317d9a58d,65f1b8bf2ff976b93afd5d8b,2024-12-09 22:30:00,2024-12-09 19:36:28,2024-12-09 20:39:42,9,pm,,,FALSE,,FALSE,24.4,34
66fccf296be5a6937a27cdb6,6141c945ef4fb40166d39738,66fc129ed5b34b9bd50b7626,2024-10-18 13:00:00,2024-10-02 4:42:17,2024-10-02 13:05:05,8,am,,,FALSE,,FALSE,21.45,33
66f091f8e62bb5f43e6048fc,66a40faed0200bf317834610,638f685562e61b01b6719d8f,2024-09-23 14:00:00,2024-09-22 21:54:00,2024-09-23 2:01:03,8,am,,,FALSE,,FALSE,22.33,30
671b97fb7d21a876eb688b86,62c5f6b31eff6e01bfed8ab8,61a568e0cb11990185bb97c7,2024-10-25 13:30:00,2024-10-25 13:07:07,2024-10-25 13:13:27,8,am,,,FALSE,,FALSE,27.26,39
675c6010f034fa4577cd2fea,6390ba7dc01b7dd0c75dfd13,61c3ac32bc5db301874bf1e5,2024-12-14 14:00:00,2024-12-13 16:25:53,2024-12-14 13:16:23,8,am,,,FALSE,,FALSE,19.7,28
6713d30275d43858dc2bc786,623c961f0dc93801adf61eb8,6414b0c9c9fddd01b5432519,2024-10-20 13:00:00,2024-10-19 15:40:50,2024-10-19 16:47:51,8,am,2024-10-19 16:49:09,,TRUE,,FALSE,25.18,46
676bd50930e1798d55317559,658e309c27861cb3898e6348,6197b1e6a706b30180020448,2024-12-25 14:00:00,2024-12-25 9:48:57,2024-12-25 13:18:26,9,am,,,FALSE,,FALSE,27.63,34
672be26e626899866006b3e4,65cd47d5277df9830b0aa0a8,6179ae4b16096b0169b36fbc,2024-11-07 6:30:00,2024-11-06 21:41:02,2024-11-06 22:48:43,9,noc,,,FALSE,,FALSE,23.86,33
67478d91b122747e61a7c07f,66ba5f8e93d8c27168ba6b13,5ebf16f8fe8b200017aebe0f,2024-12-28 23:00:00,2024-11-27 21:22:25,2024-12-04 14:19:27,8,pm,,2024-12-26 19:12:35,FALSE,,FALSE,21.51,26
676b1adaca160a641c116867,5ea9c8566438a500166d804e,612e88a59e065601668a13a4,2024-12-29 15:00:00,2024-12-24 20:34:35,2024-12-29 10:17:59,8,am,,,FALSE,,FALSE,32.65,28
67807defbfd1cef065eba1af,63ec3ddc08d1f56324aff3d2,5e47201390bc130016bbe03f,2025-01-10 22:30:00,2025-01-10 1:54:56,2025-01-10 5:20:00,8,pm,,2025-01-10 5:29:09,FALSE,,FALSE,20.79,33
6757ba73899ca7f1f08b9aee,61c6e1c5c311c3018010c6ba,5c06fe1f61d521000488a0f2,2024-12-10 14:30:00,2024-12-10 3:50:12,2024-12-10 12:35:08,9,am,,,FALSE,,FALSE,21.48,29
672d5cc9cc9785c4c4293048,623f7319e63f9c01afae5709,5bdb65eb27415b0004330ace,2024-11-16 6:30:00,2024-11-08 0:35:21,2024-11-16 6:13:12,9,noc,,,FALSE,,FALSE,31.51,32
6725577c88a67c23e9930c0e,61b0f8c804988d01851ba9f4,62be1df86451d501bef14792,2024-11-02 22:00:00,2024-11-01 22:34:36,2024-11-02 3:49:38,8,pm,,,FALSE,,FALSE,23.14,32
6716d77eeaf203a9be830901,6712fcb682fcef7cc3a9a708,60257cdc1cd3a100160c67cf,2024-10-22 13:00:00,2024-10-21 22:36:46,2024-10-22 4:37:47,8,am,,,FALSE,,FALSE,22.56,32
6752f5f7549f388222f1357c,5e582a7de0adc9001632df1b,610c3e4bb0d8850166b2bd41,2024-12-06 14:00:00,2024-12-06 13:02:47,2024-12-06 13:51:09,8,am,,,FALSE,,FALSE,24.05,31
677c593ace1ef82b5e876459,610e28f612d89b016659ac35,65428c5eb9ae7bfe06a31fec,2025-01-18 13:00:00,2025-01-06 22:29:15,2025-01-09 2:59:39,12,am,,2025-01-16 21:22:06,FALSE,,FALSE,32.37,39
670aca53064901cc8b31c11c,64ade087deef5579a80b3f4f,615b663fbd4bd10188739177,2024-10-13 13:00:00,2024-10-12 19:13:23,2024-10-12 21:06:30,8,am,,,FALSE,,FALSE,22.82,43
6782e3672e43c1bb514c36d8,61cfe6a46f62d30189f6fbfc,62be1df86451d501bef14792,2025-01-11 23:00:00,2025-01-11 21:32:24,2025-01-11 22:07:43,8,pm,,,FALSE,,FALSE,25.45,32
67211613b555274c6c93b3dc,61955e44539e5901859178a6,5e1ce78827ff480016e9133e,2024-11-02 13:30:00,2024-10-29 17:06:27,2024-10-31 6:24:25,9,am,,2024-10-31 15:48:49,FALSE,,FALSE,22.66,30
672009726f99029b5e139dfb,66576b5253f8a9d7f35b33e0,5c539532fe63b800166ddb2d,2024-11-03 5:30:00,2024-10-28 22:00:18,2024-11-01 10:48:52,9,noc,,,FALSE,,FALSE,22.52,30
674d29d1d7d75f5ea0ff96c6,616869a18748c00169b7968e,5f2305c10626e100169c6000,2024-12-02 14:30:00,2024-12-02 3:30:26,2024-12-02 6:52:11,9,am,,,FALSE,,FALSE,27.94,42
66ee3831ce12111c27fe9212,6225ab149797c801a9c61e83,611af67795f4c501662edb31,2024-10-06 21:30:00,2024-09-21 3:06:25,2024-09-23 14:45:35,8,pm,,2024-10-04 5:20:18,FALSE,,FALSE,22,24
66fa18b5da8d24fd7260ad1b,64fdef7ebe202a3a2eb0b1d8,611af67795f4c501662edb31,2024-10-27 5:30:00,2024-09-30 3:19:17,2024-10-24 15:15:28,8,noc,,2024-10-26 5:11:53,FALSE,,FALSE,22.81,24
6707ef113f05db6def032ec0,62225cd7f5f74401a95d8166,63c6f41d89b71301b666627f,2024-10-13 13:00:00,2024-10-10 15:13:22,2024-10-10 22:36:03,8,am,,,FALSE,,FALSE,22.58,38
67361bf95d3f2450f34789fd,61cabe230f54de018ad30245,5c06fe1f61d521000488a0f2,2024-11-17 6:30:00,2024-11-14 15:49:14,2024-11-14 23:31:45,9,noc,,,FALSE,,FALSE,22.07,29
67765726bf887cc2f0cd690f,64317c42d16cc8d40b55e020,622fd7d048ade501b1ab4b15,2025-01-02 23:00:00,2025-01-02 9:06:47,2025-01-02 14:40:34,8,pm,,,FALSE,,FALSE,23.13,41
67461609a2cb2a6d003b0e2f,6751414a4afbc57cc5f06d7e,5e7266e3759cf60016d86c98,2024-12-06 23:00:00,2024-11-26 18:40:10,2024-12-06 15:19:34,8,pm,,,FALSE,,FALSE,20.3,34
6733ca22e6ba8a3c5a346a62,6269c69181edf401c3637293,5ebf09a7fe8b200017aeb9eb,2024-11-16 22:30:00,2024-11-12 21:35:30,2024-11-13 13:31:12,8,pm,,,FALSE,,FALSE,21.95,26
671a0c3bdbb054d29836e8a6,666e9a8953f8a9d7f37ca1a6,611af67795f4c501662edb31,2024-11-09 22:30:00,2024-10-24 8:58:35,2024-10-30 4:26:22,8,pm,,,FALSE,,FALSE,21.91,24
66feefff025b963b1c687876,638071143540dfe4c2836eba,66fc129ed5b34b9bd50b7626,2024-10-13 21:00:00,2024-10-03 19:26:55,2024-10-12 19:02:29,8,pm,,,FALSE,,FALSE,21.8,33
66f6cf94145b0bca93a9f3db,5f5fd6327b537b0016c238b4,5bdb65eb27415b0004330ace,2024-09-28 13:30:00,2024-09-27 15:30:29,2024-09-28 6:48:14,8,am,,,FALSE,,FALSE,24.06,32
66ef828ec91ae9b6f7f78397,61fc8f78c0118c01989752df,60257cdc1cd3a100160c67cf,2024-09-24 21:00:00,2024-09-22 2:35:59,2024-09-22 18:30:18,8,pm,,2024-09-23 18:57:54,FALSE,,FALSE,20.96,32
678185c31a4006e4c34f0806,620b4fabf59efb01ac047fb5,5e95d5f5cf5e8d001653314e,2025-01-10 23:00:00,2025-01-10 20:40:36,2025-01-10 21:02:53,8,pm,,2025-01-10 22:01:25,FALSE,,FALSE,25.35,37
672641496ab2a5fbb3347428,62a8ee4f4ff6fb01b213a735,62be1df86451d501bef14792,2024-11-02 18:00:00,2024-11-02 15:12:10,2024-11-02 17:08:55,8,am,,,FALSE,,FALSE,23.72,32
67096621358d2ccdcae70e2e,61f9d0add6a2b2018a9e14ca,60257cdc1cd3a100160c67cf,2024-10-12 13:00:00,2024-10-11 17:53:37,2024-10-11 21:21:00,8,am,,,FALSE,,FALSE,21.9,32
675c318fd21a95f145b0e86f,61da27f5f765fc018bcbfbe9,5e1ce78827ff480016e9133e,2024-12-13 15:00:00,2024-12-13 13:07:28,2024-12-13 13:56:23,8,am,,,FALSE,,FALSE,23.98,30
672641496ab2a5fbb3347428,663b93875859f423893a445a,62be1df86451d501bef14792,2024-11-02 18:00:00,2024-11-02 15:12:10,2024-11-02 17:23:31,8,am,,,FALSE,,FALSE,24.53,32
6716934203a023a7158b1fc0,6123e5abcbd82801668da4aa,637e71fd4a702e01b5e6261b,2024-11-03 13:00:00,2024-10-21 17:45:38,2024-10-27 21:50:06,12,am,,2024-10-28 16:52:25,FALSE,,FALSE,21.52,28
676f222afbaac58d866333e7,661624a06b5cf2821972fd54,5ebf09a7fe8b200017aeb9eb,2025-01-03 22:30:00,2024-12-27 21:54:50,2024-12-29 0:36:13,8,pm,,,FALSE,,FALSE,22.33,26
66fda9938660269a71681b79,63989590c01b7dd0c76f789e,610c3e4bb0d8850166b2bd41,2024-10-02 21:00:00,2024-10-02 20:14:11,2024-10-02 20:23:04,8,pm,,,FALSE,,FALSE,24.02,31
6788606e5efd8942d3347c8f,66d102a793d8c271687678de,613a636b4be49701666cf108,2025-01-16 14:30:00,2025-01-16 1:27:11,2025-01-16 14:26:17,8,am,,,FALSE,,FALSE,24.79,46
6780ae98c0dbac2cfe616b9f,62e1722798ff4c01b6e49fd8,5e1ce78827ff480016e9133e,2025-01-10 7:00:00,2025-01-10 5:22:33,2025-01-10 6:48:16,8,noc,,,FALSE,,FALSE,24.43,30
67859bbf311dce14030fdc48,610b39bed7681f016683c048,613a636b4be49701666cf108,2025-01-14 22:30:00,2025-01-13 23:03:27,2025-01-14 2:03:27,8,pm,,,FALSE,,FALSE,23.29,46
677a850923aaa8c326999f65,666e46bf53f8a9d7f3df98f1,5c82b3dfa08cb800166dc04d,2025-01-05 14:30:00,2025-01-05 13:11:38,2025-01-05 13:19:00,8,am,,,FALSE,,FALSE,23.07,28
6776d100a95e9ae24cf39397,623b4965e3286a01ab1cdf34,65428c5eb9ae7bfe06a31fec,2025-01-19 1:00:00,2025-01-02 17:46:40,2025-01-05 18:27:29,12,pm,,2025-01-06 18:42:23,FALSE,,FALSE,31.97,39
675c4a63a5add5e8cac0f862,625550a4fe906e01aee05f16,617195fe61cfc6016a47a1de,2024-12-13 15:35:00,2024-12-13 14:53:23,2024-12-13 15:09:21,8,am,,,FALSE,,FALSE,22.36,38
676f3f349a2e0f499c6c5bd5,63a433c6c01b7dd0c7aae562,6233963a9f423f01aa0b8e0c,2024-12-28 22:00:00,2024-12-27 23:58:45,2024-12-28 6:15:26,8,pm,,,FALSE,,FALSE,25.03,37
670c31a3064901cc8b4237c7,64b9e89adeef5579a82e2f50,5f04de7b68380400171fd345,2024-10-17 5:30:00,2024-10-13 20:46:28,2024-10-13 21:02:45,9,noc,,,FALSE,,FALSE,25.17,30
670af22f642c9c40ef96983f,65ea65bcbb0ca7016402fa23,5bdb65eb27415b0004330ace,2024-10-19 21:30:00,2024-10-12 22:03:27,2024-10-13 17:42:40,9,pm,,,FALSE,,FALSE,21.57,32
670a9245064901cc8b2f6360,61fc8f78c0118c01989752df,63c6f41d89b71301b666627f,2024-10-12 16:00:00,2024-10-12 15:14:14,2024-10-12 15:31:02,5,am,,,FALSE,,FALSE,23.25,38
677effe3126d782615188a5b,616f0b912dd2f5016ab81ea4,5ebf09a7fe8b200017aeb9eb,2025-01-09 22:30:00,2025-01-08 22:44:51,2025-01-09 6:55:12,8,pm,,2025-01-09 17:25:10,FALSE,,FALSE,21.51,26
66febbbc2ba41289f110d9e9,664fba9a53f8a9d7f386d394,5c06fe1f61d521000488a0f2,2024-10-19 21:30:00,2024-10-03 15:43:56,2024-10-16 22:56:34,9,pm,,2024-10-19 16:18:32,FALSE,,FALSE,23.44,29
66f70c0bfb26471752ba365e,63f85295b57721d93e579275,617195fe61cfc6016a47a1de,2024-10-06 13:45:00,2024-09-27 19:48:28,2024-10-06 14:37:01,9,am,,,FALSE,,FALSE,43.39,38
675bd028b809dc1ed980d4eb,6601ca2f6b5cf2821983468a,64790906cb044d01b9691969,2024-12-13 14:00:00,2024-12-13 6:11:53,2024-12-13 11:59:25,8,am,,,FALSE,,FALSE,22.45,37
67645f92a30c9123b002714e,63290d829603d780831d4060,5bdb65eb27415b0004330ace,2024-12-25 22:30:00,2024-12-19 18:01:54,2024-12-25 5:14:47,9,pm,,,FALSE,,FALSE,28.41,32
67816e0fdefea9fade6e2cbd,6710094982fcef7cc33fa7d8,65428c5eb9ae7bfe06a31fec,2025-01-11 13:00:00,2025-01-10 18:59:27,2025-01-10 20:15:14,12,am,,,FALSE,,FALSE,32.5,39
66f985311141258d42152de1,6229bf162fa80701ac4a246d,5ebf09a7fe8b200017aeb9eb,2024-10-19 21:30:00,2024-09-29 16:49:53,2024-10-16 15:23:31,8,pm,,2024-10-18 16:58:14,FALSE,,FALSE,22.54,26
67761e08c288a2173ef19bfc,61df645850b42a018ad460ca,61b3bcab7d820501865eb110,2025-01-02 14:30:00,2025-01-02 5:03:04,2025-01-02 5:20:58,8,am,,,FALSE,,FALSE,26.3,33
670986232b7cfafac4ed86c4,62ff4caf47661e01b59abce5,5cb9f07135163900163f532c,2024-10-12 22:00:00,2024-10-11 20:10:11,2024-10-12 6:16:48,8,pm,,,FALSE,,FALSE,19.14,28
67532bc280e897b3d7639414,5ee02657e1289b0017000a74,622fd7d048ade501b1ab4b15,2024-12-06 23:00:00,2024-12-06 16:52:18,2024-12-06 17:13:14,8,pm,,2024-12-06 20:56:19,FALSE,,FALSE,22.97,41
670183cde6ab1b35eb1da360,66b247acd0200bf317dae1b0,5c539532fe63b800166ddb2d,2024-10-05 21:30:00,2024-10-05 18:22:05,2024-10-05 19:18:45,8,pm,,,FALSE,,FALSE,20.58,30
66fa1c4aac3b0b48809400e3,624d266dddbc8b01ad497e6c,611af67795f4c501662edb31,2024-10-25 13:30:00,2024-09-30 3:34:35,2024-10-23 23:58:28,8,am,,,FALSE,,FALSE,21.37,24
6747958528a0d5d6fb091005,61d819b1c6ff29018b00abfd,5ebf16f8fe8b200017aebe0f,2024-12-21 7:00:00,2024-11-27 21:56:22,2024-12-20 3:03:35,8,noc,,2024-12-20 18:18:44,FALSE,,FALSE,22.37,26
6750ba2334d8c9bc75d9edd1,62e02c9a259c3501b6c1ec2d,61254ca13eea47016699c143,2024-12-04 23:00:00,2024-12-04 20:22:59,2024-12-04 21:20:38,8,pm,,,FALSE,,FALSE,22.16,38
676f90d9fab901a8e1f31580,6617f371b44011b92c4f9ba3,5f2305c10626e100169c6000,2024-12-28 14:30:00,2024-12-28 5:47:05,2024-12-28 10:33:55,9,am,,,FALSE,,FALSE,29.11,42
6777251d3e5e516d9143b775,61fc23a26e479c019ccc84d8,5ebf09a7fe8b200017aeb9eb,2025-01-08 22:30:00,2025-01-02 23:45:33,2025-01-08 21:14:34,8,pm,,,FALSE,,FALSE,29.73,26
66ee3bb9d08827ef6a9816ef,66206113b44011b92c8c6aa2,611af67795f4c501662edb31,2024-10-07 5:30:00,2024-09-21 3:21:29,2024-09-27 10:12:28,8,noc,,2024-10-03 3:19:20,FALSE,,FALSE,22.59,24
672a66d2255b07eaa0cccc6f,6586c38427861cb389d70edd,6203e9b58fa46801a9ed5f21,2024-11-15 13:00:00,2024-11-05 18:41:23,2024-11-05 23:07:19,12,am,,,FALSE,,FALSE,22.75,31
67736a7fb86fe18d3e8687a2,62bafdd93ef3c701c4377e9d,62be1df86451d501bef14792,2024-12-31 15:00:00,2024-12-31 3:52:32,2024-12-31 7:15:32,8,am,,,FALSE,,FALSE,22.71,32
67325ef69df3b639c11e3fd6,66cba68793d8c27168c5f38c,60257cdc1cd3a100160c67cf,2024-11-12 14:00:00,2024-11-11 19:45:59,2024-11-11 21:56:06,8,am,,2024-11-11 22:14:28,FALSE,,FALSE,21.51,32
66e8c249572b6d93b2d81520,636550f37ccb0c3b069b9e55,5ebf16f8fe8b200017aebe0f,2024-09-25 22:00:00,2024-09-16 23:42:02,2024-09-24 22:01:36,8,pm,,,FALSE,,FALSE,21.57,26
675781f4d0d15309b6415d4d,63d4ab4d08d1f56324de8b58,644ad704e30bb601b9ec5b76,2024-12-28 13:00:00,2024-12-09 23:49:08,2024-12-19 19:45:24,12,am,,2024-12-23 18:55:44,FALSE,,FALSE,31.68,39
67312d9989bfa312848d95d3,62e574ee1c36e001b9f47e93,62be1df86451d501bef14792,2024-11-10 23:00:00,2024-11-10 22:03:05,2024-11-10 22:39:25,8,pm,,,FALSE,,FALSE,24.12,32
66f6dbd755acbba28a60976e,6332e3279603d78083dc2558,638f685562e61b01b6719d8f,2024-09-27 22:00:00,2024-09-27 16:22:48,2024-09-27 17:49:06,8,pm,,,FALSE,,FALSE,22.04,30
67551e48d507a62e1f3a408b,626704ad131dd501acc88798,611af67795f4c501662edb31,2024-12-08 22:30:00,2024-12-08 4:19:20,2024-12-08 7:25:55,8,pm,,2024-12-08 17:40:36,FALSE,,FALSE,23.36,24
671fcb97cc944afffaa931fe,6478f484bb6f19b93781d78b,5c06fe1f61d521000488a0f2,2024-12-28 14:30:00,2024-10-28 17:36:24,2024-12-24 3:18:43,9,am,,2024-12-26 17:50:16,FALSE,,FALSE,21.35,29
671a0d244bf9c580b6a3c418,61bae39c7586410185875487,611af67795f4c501662edb31,2024-11-22 22:30:00,2024-10-24 9:02:28,2024-11-05 18:14:10,8,pm,,2024-11-22 3:54:06,FALSE,,FALSE,22.65,24
671a0f839e0dfa639bda3a14,62abbf4a2293b501c04e72e9,611af67795f4c501662edb31,2024-11-17 6:30:00,2024-10-24 9:12:35,2024-11-07 0:31:51,8,noc,,2024-11-17 6:03:49,FALSE,,FALSE,21.77,24
6709a5792b7cfafac4ef4ebe,63142fc73c9f9101a9564907,611af67795f4c501662edb31,2024-10-12 13:30:00,2024-10-11 22:23:53,2024-10-12 0:56:12,8,am,,,FALSE,,FALSE,21.1,24
66facf1f76e9a9269469c5c2,654337c47ff7c6eee51e47a2,644ad704e30bb601b9ec5b76,2024-10-07 12:00:00,2024-09-30 16:17:36,2024-10-07 17:55:02,12,am,2024-10-07 17:55:03,,TRUE,,FALSE,36.83,39
66faf072e6cfe58e12a46fa7,61eebc805abf78018ac5142a,5ebf09a7fe8b200017aeb9eb,2024-10-14 5:30:00,2024-09-30 18:39:46,2024-10-02 3:20:38,8,noc,,,FALSE,,FALSE,22.49,26
67025a717d25fc7c4061953b,653fceb102071e10411b7edb,611af67795f4c501662edb31,2024-10-06 21:30:00,2024-10-06 9:37:53,2024-10-06 14:10:41,8,pm,,,FALSE,,FALSE,21.72,24
67155e5f66fa12c50b0e40b2,63b7a977c01b7dd0c7d8a585,61c4d2a870dd500187dc98b1,2024-10-21 5:00:00,2024-10-20 19:47:43,2024-10-20 20:29:24,8,noc,,2024-10-20 20:33:39,FALSE,,FALSE,23.59,38
678209e52e43c1bb5142e1e3,669f46ccd0200bf31703debc,61a568e0cb11990185bb97c7,2025-01-11 14:30:00,2025-01-11 6:04:21,2025-01-11 12:02:32,8,am,,,FALSE,,FALSE,30.28,39
675cfb78df7fc85cf0214adf,5ea9c8566438a500166d804e,5e5e85ea43a2390016e3d65c,2024-12-14 23:00:00,2024-12-14 3:28:57,2024-12-14 13:20:07,8,pm,,2024-12-14 19:52:10,FALSE,,FALSE,20.4,28
675fd0cc292873557b4024bf,667fa1240c8bae033d8dd7f9,5ebf09a7fe8b200017aeb9eb,2024-12-16 14:30:00,2024-12-16 7:03:41,2024-12-16 13:19:39,8,am,,,FALSE,,FALSE,22.37,26
672fb4b33f0e8cbaca086b33,645ea96e4107b99bc1baa38f,5f5bca132f95160016b723ff,2024-11-09 22:30:00,2024-11-09 19:14:59,2024-11-09 19:34:45,9,pm,,2024-11-09 20:12:35,FALSE,,FALSE,23.2,37
671fcc482b12f49dca9b0819,62200b3fb28b0301ad1612c1,5c06fe1f61d521000488a0f2,2024-11-25 22:30:00,2024-10-28 17:39:20,2024-11-05 19:15:23,9,pm,,,FALSE,,FALSE,22.05,29
671849f320ea20c92b18b1ed,65da884e277df9830b06d049,5f2305c10626e100169c6000,2024-10-23 5:30:00,2024-10-23 0:57:23,2024-10-23 4:25:40,9,noc,,,FALSE,,FALSE,27.63,42
67228dbbbe91ce3dde8a86d5,64fdef7ebe202a3a2eb0b1d8,5ebf16f8fe8b200017aebe0f,2024-11-02 6:00:00,2024-10-30 19:49:15,2024-10-31 16:44:24,8,noc,,2024-10-31 21:29:43,FALSE,,FALSE,20.98,26
673a5add92eded256665da81,627d17fea209b801c038a351,5ebf09a7fe8b200017aeb9eb,2024-11-18 22:30:00,2024-11-17 21:06:38,2024-11-17 21:39:57,8,pm,2024-11-17 21:40:45,,TRUE,,FALSE,22.95,26
6742cb9ff8594d509373e3af,638dc6c1528ff985647efc84,612e88a59e065601668a13a4,2024-11-24 15:00:00,2024-11-24 6:45:52,2024-11-24 8:24:46,8,am,,,FALSE,,FALSE,21.43,28
67745216f79ac6ee1f2450be,61baa6f256682601858ad34d,61c3ac32bc5db301874bf1e5,2025-01-02 22:00:00,2024-12-31 20:20:39,2025-01-01 9:54:14,8,pm,,,FALSE,,FALSE,17.51,28
675dc6adf742af4aaa1e4f78,6264b69b3dc19f01ac5f2823,61f1d66bcc1e0a018a32786c,2024-12-14 22:30:00,2024-12-14 17:55:57,2024-12-14 18:39:59,8,pm,,,FALSE,,FALSE,26.35,36
6737e01b50bee596ed624bd4,6645a5c353f8a9d7f381e907,60257cdc1cd3a100160c67cf,2024-11-16 22:00:00,2024-11-15 23:58:20,2024-11-16 3:45:12,8,pm,,,FALSE,,FALSE,21.78,32
66fd76945fe8c1fb8fa8e14e,642a0592d16cc8d40b8539cb,5c06fe1f61d521000488a0f2,2024-10-08 21:30:00,2024-10-02 16:36:37,2024-10-03 23:39:40,9,pm,,,FALSE,,FALSE,21.01,29
67031c03e6ab1b35eb31511e,65373a5c02071e104187bc2b,5c539532fe63b800166ddb2d,2024-10-07 5:30:00,2024-10-06 23:23:47,2024-10-07 1:49:14,8,noc,,,FALSE,,FALSE,25.47,30
66fc79b76be5a6937a241c8e,621e81f278c27801ac13d556,5c539532fe63b800166ddb2d,2024-10-08 5:30:00,2024-10-01 22:37:44,2024-10-08 4:16:27,8,noc,,,FALSE,,FALSE,24.67,30
66f14af1d19fcfe2d2a8dcd0,63b55568c01b7dd0c7864e8a,61b0d0ed0a1f9a01805c0531,2024-09-23 13:00:00,2024-09-23 11:03:14,2024-09-23 12:17:41,12,am,,,FALSE,,FALSE,21.47,40
678daa60407aea5677fa108a,6464dc364107b99bc1f2bcfe,5bdb65eb27415b0004330ace,2025-01-20 14:30:00,2025-01-20 1:44:00,2025-01-20 5:19:45,9,am,,,FALSE,,FALSE,21.47,32
676edfaee83ea1fed1e1298f,658f1d0d27861cb389a68562,614213db4592980166c594a7,2024-12-30 12:30:00,2024-12-27 17:11:10,2024-12-30 11:20:34,9,am,,,FALSE,,FALSE,36.85,37
66eb2feba21183373f02ff4c,668d62080c8bae033d64c451,65428c5eb9ae7bfe06a31fec,2024-09-27 12:00:00,2024-09-18 19:54:20,2024-09-20 16:14:16,12,am,2024-09-20 16:14:20,,TRUE,2024-09-18 21:50:16,FALSE,32.42,39
677ec587745bd35a69631646,6111a2e5a157b50166495fa0,5d011e7757d52f00162c9fe1,2025-01-09 6:00:00,2025-01-08 18:35:52,2025-01-08 21:05:01,8,noc,,2025-01-08 22:31:54,FALSE,,FALSE,22.78,24
671fcc0a2b12f49dca9b030b,5eacbcd18ba75500160e368d,5c06fe1f61d521000488a0f2,2024-11-12 22:30:00,2024-10-28 17:38:18,2024-11-05 6:33:21,9,pm,,,FALSE,,FALSE,20.52,29
6787b8c426628aba66b4d72d,664fd84353f8a9d7f3eec284,5ebf09a7fe8b200017aeb9eb,2025-01-15 15:30:00,2025-01-15 13:31:49,2025-01-15 13:46:43,7,am,,,FALSE,,FALSE,27.73,26
671dd8a6c95ccce902df7dc3,671c6d8f82fcef7cc333c25e,65428c5eb9ae7bfe06a31fec,2024-10-27 12:00:00,2024-10-27 6:07:34,2024-10-27 10:27:16,12,am,,,FALSE,,FALSE,32.4,39
6754b23e36deda6cc29e55f1,639355acc01b7dd0c7cc6e74,5e47201390bc130016bbe03f,2024-12-07 22:30:00,2024-12-07 20:38:22,2024-12-07 21:20:25,8,pm,,,FALSE,,FALSE,23.7,33
672709bc6ab2a5fbb33eaeb8,642e0d90d16cc8d40b8ce6bf,60257cdc1cd3a100160c67cf,2024-11-03 22:00:00,2024-11-03 5:27:25,2024-11-03 21:21:31,8,pm,,,FALSE,,FALSE,21.89,32
6707edfee0bf905e3404641e,66f3d47df472d33b68dc3d3f,5e95d5f5cf5e8d001653314e,2024-10-12 14:00:00,2024-10-10 15:08:47,2024-10-11 20:31:54,8,am,,,FALSE,,FALSE,22.04,37
677f960883f0d5acfc6d8474,664543c053f8a9d7f3d6872e,5bdb65eb27415b0004330ace,2025-01-09 14:30:00,2025-01-09 9:25:29,2025-01-09 10:13:10,9,am,,2025-01-09 13:58:42,FALSE,,FALSE,21.7,32
66ee3886e62bb5f43e3bbbaa,612e6c85b3339d01662ea08b,611af67795f4c501662edb31,2024-10-12 21:30:00,2024-09-21 3:07:50,2024-10-08 8:32:44,8,pm,,2024-10-08 18:41:53,FALSE,,FALSE,21.75,24
677846e0b050cd4685209c31,62b434f1320d4401bb19d21f,649cab49c4c12701bb7a2350,2025-01-04 6:00:00,2025-01-03 20:21:52,2025-01-03 21:33:35,8,noc,2025-01-03 21:33:52,,TRUE,,FALSE,23.42,31
66fb06c218e6bea103f766e7,6520700ecc967a5ceb8f6552,5e95d5f5cf5e8d001653314e,2024-10-02 22:00:00,2024-09-30 20:14:59,2024-10-02 19:43:42,8,pm,2024-10-02 19:43:53,,TRUE,,FALSE,36.77,37
677b64b5e6f4ac79706cffbe,65ca9c01277df9830b096370,6179ae4b16096b0169b36fbc,2025-01-06 6:30:00,2025-01-06 5:05:57,2025-01-06 6:25:38,9,noc,,,FALSE,,FALSE,24.15,33
6772f21cd20c8985fb13a9c8,671b49a382fcef7cc3ddf868,613a636b4be49701666cf108,2024-12-30 22:30:00,2024-12-30 19:18:53,2024-12-30 21:22:59,8,pm,,,FALSE,,FALSE,22.44,46
66f3bf9b13b02badd40a1b24,640272bfb57721d93eec436f,5bdb65eb27415b0004330ace,2024-09-25 13:30:00,2024-09-25 7:45:31,2024-09-25 12:04:07,8,am,,,FALSE,,FALSE,22.27,32
67383b5c145b511cff9e4b08,668f568bd0200bf317dcc6ca,61f1d66bcc1e0a018a32786c,2024-11-16 14:30:00,2024-11-16 6:27:41,2024-11-16 13:17:31,8,am,,2024-11-16 14:27:41,FALSE,,FALSE,26.16,36
67193f336acc504710959c8d,67239e109dd6fa0b68ec230d,637e71fd4a702e01b5e6261b,2024-11-24 19:00:00,2024-10-23 18:23:48,2024-11-09 12:16:35,6,am,,,FALSE,,FALSE,22.53,28
677382c560a878d0b2c533e8,62a68968f6711983a8d0cf57,6179ae4b16096b0169b36fbc,2024-12-31 6:30:00,2024-12-31 5:36:05,2024-12-31 6:28:58,9,noc,,,FALSE,,FALSE,23.34,33
678826c9b75f103ec9aeef0a,635987997ccb0c3b06de6556,5fcec4832f950000168c369d,2025-01-16 22:00:00,2025-01-15 21:21:14,2025-01-16 3:47:35,8,pm,,,FALSE,,FALSE,20.26,32
6706d9b64d13dfcb366e245a,5dd458d4c4f6e9001604d01b,5bdb65eb27415b0004330ace,2024-10-14 21:30:00,2024-10-09 19:29:58,2024-10-10 11:58:27,8,pm,,,FALSE,,FALSE,21.8,32
67817de10c97b8509bb0cf5b,66538ad253f8a9d7f396afe6,5ebf09a7fe8b200017aeb9eb,2025-01-18 22:30:00,2025-01-10 20:06:57,2025-01-13 18:41:27,8,pm,,,FALSE,,FALSE,21.75,26
671674853b22092c12fd670e,647f6c69bb6f19b9379d6997,611af67795f4c501662edb31,2024-10-21 16:00:00,2024-10-21 15:34:30,2024-10-21 15:53:28,5,am,,,FALSE,,FALSE,27.66,24
678b0fa8c59905eff8a2066b,655ec6197ff7c6eee5f228e8,5fcec4832f950000168c369d,2025-01-18 6:00:00,2025-01-18 2:19:21,2025-01-18 5:23:35,8,noc,,,FALSE,,FALSE,19.52,32
678d9d64c59905eff8c20470,676c71e3f75c101b27c20408,613a636b4be49701666cf108,2025-01-20 14:30:00,2025-01-20 0:48:37,2025-01-20 5:09:20,8,am,,,FALSE,,FALSE,23.97,46
66ee36f4d08827ef6a972ad7,5db79224bdefa300168a0b45,611af67795f4c501662edb31,2024-10-20 13:30:00,2024-09-21 3:01:09,2024-10-15 7:49:30,8,am,,2024-10-16 18:14:14,FALSE,,FALSE,22.49,24
677c4742b3a336d749da6d74,63f6f47cb57721d93e87623a,60e8d8dc9a5c0a016647a652,2025-01-07 6:00:00,2025-01-06 21:12:34,2025-01-07 6:59:39,8,noc,,,FALSE,,FALSE,42.43,35
671f791ea759ea3e97610293,610da63122711f016691cda4,61f1d66bcc1e0a018a32786c,2024-10-28 21:30:00,2024-10-28 11:44:31,2024-10-28 17:25:50,8,pm,,2024-10-28 18:46:33,FALSE,,FALSE,24.16,36
66ee390bd08827ef6a97c455,662cad2db44011b92c43433d,611af67795f4c501662edb31,2024-10-24 21:30:00,2024-09-21 3:10:03,2024-10-05 6:49:18,8,pm,,2024-10-22 4:27:46,FALSE,,FALSE,21.99,24
6712930c2ad52d832d53962b,62422c011cb32a01adc5e1d8,5e1ce78827ff480016e9133e,2024-10-18 21:30:00,2024-10-18 16:55:40,2024-10-18 20:20:44,9,pm,,,FALSE,,FALSE,22,30
6736b210115032d69e9a9a4a,6434b470d16cc8d40b5e4bd4,5bdb65eb27415b0004330ace,2024-11-15 7:00:00,2024-11-15 2:29:37,2024-11-15 2:43:21,8,noc,,,FALSE,,FALSE,23.12,32
672e5608c82e5eab63a7d663,65e6efa8bb0ca70164c3a583,5f5bca132f95160016b723ff,2024-11-09 14:30:00,2024-11-08 18:18:49,2024-11-08 21:16:49,9,am,,,FALSE,,FALSE,21.1,37
672e5744040e8675a8832563,619825f9b4dd870184452ea9,5c06fe1f61d521000488a0f2,2024-11-09 22:30:00,2024-11-08 18:24:05,2024-11-09 5:29:45,9,pm,,2024-11-09 17:37:40,FALSE,,FALSE,21.57,29
676efc718426afc5ca45e204,63db3b5c08d1f56324dba094,5c82b3dfa08cb800166dc04d,2024-12-27 22:30:00,2024-12-27 19:13:54,2024-12-27 20:14:07,8,pm,,,FALSE,,FALSE,22.6,28
670011c1a9de742a73a4caa6,653713c102071e1041434c9e,5e1ce78827ff480016e9133e,2024-10-12 13:30:00,2024-10-04 16:03:13,2024-10-12 9:06:28,9,am,,,FALSE,,FALSE,29.98,30
678acdd13f1f50e2bbdf78e0,632bcd1a9603d78083929ed4,641deef039646601c0df8cea,2025-01-18 15:00:00,2025-01-17 21:38:26,2025-01-17 22:51:22,8,am,,,FALSE,,FALSE,24.15,32
67578416af514ef42a68710e,618a3e8e6b9159018588dfca,611af67795f4c501662edb31,2024-12-26 14:30:00,2024-12-09 23:58:15,2024-12-25 19:00:07,8,am,,,FALSE,,FALSE,21.98,24
6703eea963413dea85f8b62d,61f2f919000fb2018a07ccb8,5e95d5f5cf5e8d001653314e,2024-10-08 22:00:00,2024-10-07 14:22:33,2024-10-07 17:47:45,8,pm,,2024-10-07 18:37:51,FALSE,,FALSE,22.32,37
67807defbfd1cef065eba1af,66a9b973d0200bf317947595,5e47201390bc130016bbe03f,2025-01-10 22:30:00,2025-01-10 1:54:56,2025-01-10 5:19:33,8,pm,,2025-01-10 5:29:09,FALSE,,FALSE,21.2,33
671a0b35dbb054d29836e40c,64817b42fdebe497ce72b7b1,611af67795f4c501662edb31,2024-11-29 14:30:00,2024-10-24 8:54:13,2024-11-29 13:33:57,8,am,,2024-11-29 17:06:45,FALSE,,FALSE,29.52,24
67733f820fdf0c199c4c5b11,650a8144be202a3a2e008100,66279a9f14e3560cbf266ec4,2025-01-04 6:00:00,2024-12-31 0:49:06,2025-01-01 4:28:05,8,noc,,,FALSE,,FALSE,22.54,26
674794cab122747e61a84bb7,66da2352f472d33b68279cf8,5ebf16f8fe8b200017aebe0f,2024-12-29 23:00:00,2024-11-27 21:53:15,2024-12-01 1:37:35,8,pm,,,FALSE,,FALSE,22.62,26
6742292f8fb881da9bbc517c,66aa73bdd0200bf3178933a9,613a636b4be49701666cf108,2024-11-23 22:30:00,2024-11-23 19:12:47,2024-11-23 22:21:17,8,pm,,,FALSE,,FALSE,21.48,46
66f18ba0c927569c563df6fd,6387e53f3c138554706b0393,637e71fd4a702e01b5e6261b,2024-10-05 0:00:00,2024-09-23 15:39:13,2024-10-03 12:48:26,4,noc,,2024-10-03 14:33:28,FALSE,,FALSE,19.11,28
6719623aadc393aa79137c34,627363eaae77a501c0a3d9e1,5ebf09a7fe8b200017aeb9eb,2024-10-25 21:30:00,2024-10-23 20:53:15,2024-10-24 4:24:10,8,pm,,2024-10-25 16:11:57,FALSE,,FALSE,22.19,26
6774526153bc363684ddc426,62073b91f59efb01ace23e82,61c3ac32bc5db301874bf1e5,2025-01-19 22:00:00,2024-12-31 20:21:53,2025-01-08 21:03:39,8,pm,,,FALSE,,FALSE,19.12,28
6723f7e71d2ae5131c07b656,6416b94f3b626832d765d4e9,611af67795f4c501662edb31,2024-10-31 22:30:00,2024-10-31 21:34:31,2024-10-31 22:12:40,7,pm,,,FALSE,,FALSE,26.78,24
674d15909f8bf8fd9e813ab6,658d22d727861cb389ae8bf7,5e95d5f5cf5e8d001653314e,2024-12-02 15:00:00,2024-12-02 2:04:00,2024-12-02 3:56:22,8,am,,,FALSE,,FALSE,23.22,37
671674853b22092c12fd670e,6345aeb9fb9a096b9ea4416d,611af67795f4c501662edb31,2024-10-21 16:00:00,2024-10-21 15:34:30,2024-10-21 15:53:46,5,am,,,FALSE,,FALSE,28.42,24
670a8a3f064901cc8b2f25bc,620be555f2847701a8e58b4e,5e47201390bc130016bbe03f,2024-10-12 21:30:00,2024-10-12 14:39:59,2024-10-12 20:19:27,9,pm,,,FALSE,,FALSE,20.22,33
66fec5751d64b171077894a9,63b55568c01b7dd0c7864e8a,5f5bca132f95160016b723ff,2024-10-03 21:30:00,2024-10-03 16:25:25,2024-10-03 20:20:57,9,pm,,,FALSE,,FALSE,22.76,37
678497c9b60338dd0935d85f,6670f78153f8a9d7f373e428,5e1ce78827ff480016e9133e,2025-01-13 6:30:00,2025-01-13 4:34:17,2025-01-13 5:21:10,9,noc,,,FALSE,,FALSE,23.65,30
66ef0f5fe62bb5f43e46b79f,630e2f0b2d1e2101b6e926c7,60257cdc1cd3a100160c67cf,2024-09-22 13:00:00,2024-09-21 18:24:31,2024-09-22 4:26:03,8,am,,,FALSE,,FALSE,21.34,32
670a84c8642c9c40ef91aafb,61682c89b7bc96016a73c261,5c06fe1f61d521000488a0f2,2024-10-12 22:00:00,2024-10-12 14:16:41,2024-10-12 17:20:33,8,pm,,2024-10-12 19:16:39,FALSE,,FALSE,21.86,29
6744e818c06ccbb1c47b7aba,65027d10be202a3a2e4b1af1,5ebf09a7fe8b200017aeb9eb,2024-12-01 22:30:00,2024-11-25 21:11:53,2024-11-28 7:08:58,8,pm,,,FALSE,,FALSE,22.04,26
677b52bbe6f4ac79706b3331,66ce37f493d8c2716892b1c7,5fcec4832f950000168c369d,2025-01-06 14:00:00,2025-01-06 3:49:16,2025-01-06 6:10:37,8,am,,,FALSE,,FALSE,21.19,32
670b1bbb2b7cfafac4ff030c,6636a68d5859f423891d7153,5d011e7757d52f00162c9fe1,2024-10-13 5:00:00,2024-10-13 1:00:44,2024-10-13 4:19:41,8,noc,,,FALSE,,FALSE,21.92,24
672fbaff544c7ae818f16cfd,62497aecbe7ced01b1dad1fd,5ebf09a7fe8b200017aeb9eb,2024-11-09 22:30:00,2024-11-09 19:41:52,2024-11-09 21:20:35,8,pm,,,FALSE,,FALSE,23.22,26
671c00a6868eeede21fe09cd,66c3969293d8c2716838a5f8,5ebf09a7fe8b200017aeb9eb,2024-10-26 21:30:00,2024-10-25 20:33:42,2024-10-26 15:53:37,8,pm,,,FALSE,,FALSE,21.85,26
66f4ebba143b624c30d1063c,64ade087deef5579a80b3f4f,64790906cb044d01b9691969,2024-09-26 13:00:00,2024-09-26 5:06:02,2024-09-26 12:27:35,8,am,,,FALSE,,FALSE,23.86,37
675210dd138781eb5f93b6f7,65a0c9cc27861cb3895598a1,64790906cb044d01b9691969,2024-12-06 6:00:00,2024-12-05 20:45:18,2024-12-05 21:18:12,8,noc,,,FALSE,,FALSE,22.95,37
6709105927fe325479dcfda7,6339277b9603d780835066a3,617195fe61cfc6016a47a1de,2024-10-11 13:45:00,2024-10-11 11:47:37,2024-10-11 12:20:05,9,am,,,FALSE,,FALSE,25.69,38
67095cfb79dcbd418247e859,631c141a9603d780830f1ef9,611af67795f4c501662edb31,2024-10-12 13:30:00,2024-10-11 17:14:35,2024-10-11 20:49:33,8,am,,,FALSE,,FALSE,25.22,24
66f98574da8d24fd72550179,64da8fc5ffacc00ad3014b15,5ebf09a7fe8b200017aeb9eb,2024-10-18 21:30:00,2024-09-29 16:51:01,2024-10-05 6:09:46,8,pm,,2024-10-17 19:56:01,FALSE,,FALSE,21.36,26
673695bf100c853680377516,6011d8e32205340016a8c010,60e8d8dc9a5c0a016647a652,2024-11-18 14:00:00,2024-11-15 0:28:48,2024-11-18 8:57:43,8,am,,,FALSE,,FALSE,26.82,35
6789e44e6cacb94a45d48a64,6385cc5d3c1385547047bc79,66fc129ed5b34b9bd50b7626,2025-01-18 14:00:00,2025-01-17 5:02:07,2025-01-17 10:42:19,8,am,,,FALSE,,FALSE,23.47,33
671f67b1a759ea3e975f61e2,65da4627277df9830b747686,6179ae4b16096b0169b36fbc,2024-10-28 13:30:00,2024-10-28 10:30:09,2024-10-28 12:19:52,9,am,,,FALSE,,FALSE,22.23,33
670b3e672b7cfafac400f8be,5f05134d68380400171fe5b1,61a568e0cb11990185bb97c7,2024-10-16 5:30:00,2024-10-13 3:28:39,2024-10-13 3:47:05,8,noc,2024-10-13 3:47:40,,TRUE,,FALSE,24.82,39
6706fbd180599260b5e5cc77,624f37ba7dfe2501a40bcb50,6682fbd431094eacf70b20f1,2024-10-12 21:15:00,2024-10-09 21:55:29,2024-10-10 9:44:45,8,pm,,,FALSE,,FALSE,20.05,37
678c4aeec59905eff8b1619a,6588903627861cb38966ebbe,5ebf09a7fe8b200017aeb9eb,2025-01-19 6:30:00,2025-01-19 0:44:30,2025-01-19 5:21:27,8,noc,,,FALSE,,FALSE,22.19,26
671d734908311c3f23d7aea8,64d184f7ffacc00ad391dc57,5f4d42e3d621a000165c5cfd,2024-10-27 5:30:00,2024-10-26 22:55:06,2024-10-27 0:47:59,8,noc,,2024-10-27 2:28:44,FALSE,,FALSE,23.84,39
676afab81f32f33ed2df33a4,6190f8bf677f8e0186467f06,65f1b8bf2ff976b93afd5d8b,2024-12-25 14:30:00,2024-12-24 18:17:29,2024-12-24 18:17:48,9,am,2024-12-24 18:18:34,,TRUE,,FALSE,51.21,34
6746086c4009fd4bb41bcb7a,6281766759109301c15ef45a,65fde23ff14f0eebdc8178d2,2024-12-18 14:30:00,2024-11-26 17:42:04,2024-11-26 17:43:00,8,am,2024-11-26 17:43:03,,TRUE,,FALSE,26.53,32
670a84c8642c9c40ef91aafb,65b9234546c0645699e31b07,5c06fe1f61d521000488a0f2,2024-10-12 22:00:00,2024-10-12 14:16:41,2024-10-12 18:03:34,8,pm,,2024-10-12 19:16:39,FALSE,,FALSE,21.7,29
67237692fc5049aba2f439c4,62abbf4a2293b501c04e72e9,6233963a9f423f01aa0b8e0c,2024-10-31 21:00:00,2024-10-31 12:22:42,2024-10-31 20:39:32,8,pm,,,FALSE,,FALSE,23,37
6754bfbac8e8f7054245e9ad,65e6a20cbb0ca701640ac828,6682fbd431094eacf70b20f1,2024-12-08 14:00:00,2024-12-07 21:35:55,2024-12-08 13:37:20,8,am,,,FALSE,,FALSE,18.73,37
67737cbaebb253949300c8b7,63f9777cb57721d93ed088dc,61f1d66bcc1e0a018a32786c,2024-12-31 14:30:00,2024-12-31 5:10:19,2024-12-31 6:07:41,8,am,,,FALSE,,FALSE,25.18,36
674d47f9d7d75f5ea00257fd,6280be28cdc30501c24fcf58,6682fbd431094eacf70b20f1,2024-12-03 14:00:00,2024-12-02 5:39:05,2024-12-03 10:03:15,8,am,,,FALSE,,FALSE,18.54,37
671a0cd5dbb054d29836eafc,647b6c8cbb6f19b937da9ee8,611af67795f4c501662edb31,2024-11-16 22:30:00,2024-10-24 9:01:10,2024-11-01 22:56:58,8,pm,,,FALSE,,FALSE,21.48,24
67409c7631dfa289c63cdeb9,6143854b6526530166054953,61c3ac32bc5db301874bf1e5,2024-12-28 22:00:00,2024-11-22 15:00:06,2024-12-26 20:06:20,8,pm,2024-12-26 20:06:26,,TRUE,,FALSE,21.45,28
6779f16123aaa8c32692be63,6725226f9dd6fa0b683da489,5e1ce78827ff480016e9133e,2025-01-05 6:30:00,2025-01-05 2:41:38,2025-01-05 5:19:32,9,noc,,,FALSE,,FALSE,24.63,30
67755e7f25db82eed4f1f633,676c2f0ff75c101b27aefee5,5ebf1773a253570017a27da2,2025-01-06 22:00:00,2025-01-01 15:25:52,2025-01-05 21:37:54,8,pm,,2025-01-06 14:29:58,FALSE,,FALSE,21.44,30
670d2c83f61fcbf16d851ec5,669a028dd0200bf317485dcc,5e95d5f5cf5e8d001653314e,2024-10-14 22:00:00,2024-10-14 14:36:51,2024-10-14 21:50:40,8,pm,,,FALSE,,FALSE,21.84,37
67231013be91ce3dde90a344,66ab35acd0200bf317ceceba,6233963a9f423f01aa0b8e0c,2024-10-31 13:00:00,2024-10-31 5:05:24,2024-10-31 10:57:15,8,am,,,FALSE,,FALSE,24.02,37
67807defbfd1cef065eba1af,63fd4acab57721d93ec17314,5e47201390bc130016bbe03f,2025-01-10 22:30:00,2025-01-10 1:54:56,2025-01-10 5:19:59,8,pm,,2025-01-10 5:29:09,FALSE,,FALSE,20.65,33
67478cf4b122747e61a7b36c,612e6c85b3339d01662ea08b,5ebf16f8fe8b200017aebe0f,2024-12-20 23:00:00,2024-11-27 21:19:49,2024-12-20 14:29:40,8,pm,,,FALSE,,FALSE,22.21,26
676f3b3922b5ec5f4f662318,63af734ec01b7dd0c78f9af9,5ebf16f8fe8b200017aebe0f,2024-12-30 7:00:00,2024-12-27 23:41:46,2024-12-30 6:00:24,8,noc,,,FALSE,,FALSE,33.89,26
674a5cfea9ed8ecbd9ea0011,66f6e600f472d33b68c3967c,641deef039646601c0df8cea,2024-11-30 23:00:00,2024-11-30 0:31:59,2024-11-30 13:27:11,8,pm,,,FALSE,,FALSE,22.4,32
67645f33a30c9123b0026adf,6646d72153f8a9d7f3a4d23d,5bdb65eb27415b0004330ace,2024-12-25 14:30:00,2024-12-19 18:00:20,2024-12-20 15:54:25,9,am,,,FALSE,,FALSE,29.41,32
677c32eeb6295e28f45b5bf0,665bb4af53f8a9d7f34fed4f,5c06fe1f61d521000488a0f2,2025-01-18 6:30:00,2025-01-06 19:45:50,2025-01-11 16:15:31,9,noc,,,FALSE,,FALSE,22.42,29
6758c5054e60ee228a8477c7,6765aafdf75c101b278ff59c,5ebf09a7fe8b200017aeb9eb,2024-12-23 6:30:00,2024-12-10 22:47:34,2024-12-20 18:49:26,8,noc,,2024-12-20 19:32:21,FALSE,,FALSE,21.64,26
6703e73a7361984a5a422932,669efa63d0200bf3175c6121,5bdb65eb27415b0004330ace,2024-10-12 21:30:00,2024-10-07 13:50:51,2024-10-11 8:03:32,8,pm,,,FALSE,,FALSE,21.42,32
671affa4e7d0bb5e8415761f,665cbae553f8a9d7f3bbf207,6233963a9f423f01aa0b8e0c,2024-10-25 13:00:00,2024-10-25 2:17:08,2024-10-25 4:28:57,8,am,,,FALSE,,FALSE,23.23,37
676cd879ea5a2b1483415594,63c9cbe9fe7ae5e6586c96d7,613a636b4be49701666cf108,2024-12-26 14:30:00,2024-12-26 4:15:53,2024-12-26 5:21:31,8,am,,2024-12-26 6:45:09,FALSE,,FALSE,23.36,46
678c8883407aea5677ec5117,636d9de77ccb0c3b069ad326,5ebf09a7fe8b200017aeb9eb,2025-01-19 7:00:00,2025-01-19 5:07:15,2025-01-19 5:41:52,7,noc,,,FALSE,,FALSE,23.83,26
6740e5ccf8594d50935d5b60,664b9f4353f8a9d7f3fbccd1,60e8d8dc9a5c0a016647a652,2024-11-23 14:00:00,2024-11-22 20:13:01,2024-11-22 21:26:39,8,am,,,FALSE,,FALSE,27.55,35
67672209c40e3aedd4f160ea,62525f17096a1d01ab698735,60e8d8dc9a5c0a016647a652,2024-12-21 22:00:00,2024-12-21 20:16:10,2024-12-21 21:24:36,8,pm,,,FALSE,,FALSE,23.97,35
671a0b0adbb054d29836e36f,63ab979bc01b7dd0c7ece3bf,611af67795f4c501662edb31,2024-11-25 14:30:00,2024-10-24 8:53:30,2024-11-25 13:22:15,8,am,,,FALSE,,FALSE,28.79,24
66f25d183395e3b2006afffc,5ea9c8566438a500166d804e,5e1ce78827ff480016e9133e,2024-09-24 13:30:00,2024-09-24 6:32:56,2024-09-24 12:22:09,9,am,,2024-09-24 12:33:28,FALSE,,FALSE,20.81,30
66ee38afd08827ef6a97b4a3,62f5bd4d2106b001b68fcb4d,611af67795f4c501662edb31,2024-10-16 21:30:00,2024-09-21 3:08:31,2024-09-22 2:43:02,8,pm,,,FALSE,,FALSE,22.48,24
674e053678089c900ba33464,646adf054107b99bc1057377,5c06fe1f61d521000488a0f2,2024-12-28 22:30:00,2024-12-02 19:06:30,2024-12-05 21:58:31,9,pm,,,FALSE,,FALSE,21.4,29
670efea2cf88c63a1c8db9b4,6115d81031c4fd016663b73a,66279a9f14e3560cbf266ec4,2024-10-16 21:00:00,2024-10-15 23:45:38,2024-10-16 4:20:10,8,pm,,2024-10-16 20:09:17,FALSE,,FALSE,21.71,26
66fdd0baf2fc4a218a78abab,66e2ff9ff472d33b683d4646,5ebf16f8fe8b200017aebe0f,2024-10-09 22:00:00,2024-10-02 23:01:15,2024-10-03 14:32:24,8,pm,,2024-10-09 21:25:21,FALSE,,FALSE,19.6,26
672375c7ef099d7781214faf,654320cd7ff7c6eee58e4e8a,612e88a59e065601668a13a4,2024-10-31 22:00:00,2024-10-31 12:19:19,2024-10-31 18:35:59,8,pm,,,FALSE,,FALSE,21.64,28
676cd879ea5a2b1483415594,6448486204ac6a540c72ec23,613a636b4be49701666cf108,2024-12-26 14:30:00,2024-12-26 4:15:53,2024-12-26 5:21:19,8,am,,2024-12-26 6:45:09,FALSE,,FALSE,22.51,46
677dfa4c468bc07219ae7e08,66186092b44011b92c2ec6f3,5c82b3dfa08cb800166dc04d,2025-01-08 14:30:00,2025-01-08 4:08:44,2025-01-08 13:18:44,8,am,,,FALSE,,FALSE,23.78,28
674e053678089c900ba33464,64d653beffacc00ad3b9980a,5c06fe1f61d521000488a0f2,2024-12-28 22:30:00,2024-12-02 19:06:30,2024-12-28 14:50:20,9,pm,,,FALSE,,FALSE,22.06,29
676a337d30e1798d551a9182,638d6147528ff98564069ef6,61a568e0cb11990185bb97c7,2024-12-26 22:30:00,2024-12-24 4:07:25,2024-12-26 14:33:11,8,pm,2024-12-26 14:33:59,,TRUE,,FALSE,28.66,39
67281bcd6ab2a5fbb34b6e97,62e58e55c4c32201bc6e4bbe,65f1b8bf2ff976b93afd5d8b,2024-11-04 14:30:00,2024-11-04 0:56:45,2024-11-04 11:13:02,9,am,,,FALSE,,FALSE,34.94,34
67645f92a30c9123b002714c,66d776e393d8c271688417c7,5bdb65eb27415b0004330ace,2024-12-25 22:30:00,2024-12-19 18:01:54,2024-12-20 4:47:14,9,pm,,,FALSE,,FALSE,30.41,32
675633b6d79613f8606273c4,5db0b2adf6755600165955c0,61a568e0cb11990185bb97c7,2024-12-09 6:30:00,2024-12-09 0:03:03,2024-12-09 5:17:08,8,noc,,,FALSE,,FALSE,28.9,39
674798dbb122747e61a89574,6447e85504ac6a540caa0fb7,649f57a45a8bae01b9de5dce,2024-11-28 0:00:00,2024-11-27 22:10:36,2024-11-27 22:26:33,5,pm,,,FALSE,,FALSE,21.9,37
676dabe1493aab9df590a3c6,6609e4686b5cf28219541a88,611af67795f4c501662edb31,2025-01-04 6:30:00,2024-12-26 19:17:53,2025-01-01 14:52:25,8,noc,,2025-01-03 20:42:05,FALSE,,FALSE,21.47,24
672bae8c4dcf69ba0c8206b7,639a397bc01b7dd0c76ea4ce,61f1d66bcc1e0a018a32786c,2024-11-07 22:30:00,2024-11-06 17:59:40,2024-11-06 18:16:02,8,pm,2024-11-06 18:16:58,,TRUE,,FALSE,25.25,36
67478d7d8273e6ac8108b241,654320cd7ff7c6eee58e4e8a,5ebf16f8fe8b200017aebe0f,2024-12-27 23:00:00,2024-11-27 21:22:06,2024-12-05 4:30:00,8,pm,,2024-12-26 19:10:27,FALSE,,FALSE,22.68,26
6717c014cf58a7dd8e9343f5,621ea394dc1b4d01ac49b884,5bdb65eb27415b0004330ace,2024-10-22 22:00:00,2024-10-22 15:09:09,2024-10-22 15:09:42,8,pm,,,FALSE,,FALSE,22.87,32
6760ae954a3c7a302e228bfc,66774de30c8bae033d902ee2,5ebf16f8fe8b200017aebe0f,2024-12-17 15:00:00,2024-12-16 22:49:57,2024-12-17 5:18:08,8,am,,,FALSE,,FALSE,22.89,26
67495272b7f9cfadc7b8d57c,66d2915e93d8c27168fc5b97,60e8d8dc9a5c0a016647a652,2024-11-30 22:00:00,2024-11-29 5:34:42,2024-11-30 7:00:19,8,pm,2024-11-30 7:00:47,,TRUE,,FALSE,27.36,35
672e39a83821f0c661423e5d,613366df89759101667ecafa,5c06fe1f61d521000488a0f2,2024-12-31 22:30:00,2024-11-08 16:17:44,2024-12-05 3:45:14,9,pm,2024-12-05 3:45:41,,TRUE,,FALSE,33.04,29
66f712c0e430e1761c54e5b8,65ab0e4f46c064569964133a,61254ca13eea47016699c143,2024-10-05 14:00:00,2024-09-27 20:17:04,2024-09-29 2:39:48,8,am,,2024-09-30 15:19:20,FALSE,,FALSE,18.41,38
67237bf7283f4f2bfa5213b4,626374654c685201ab9dde85,5f2305c10626e100169c6000,2024-10-31 21:30:00,2024-10-31 12:45:44,2024-10-31 17:57:26,9,pm,,,FALSE,,FALSE,27.4,42
67228819a96a947c70ac73db,6438a83104ac6a540c3375c6,5c06fe1f61d521000488a0f2,2024-10-31 13:30:00,2024-10-30 19:25:14,2024-10-30 20:20:28,9,am,,2024-10-30 21:52:44,FALSE,,FALSE,21.58,29
6733ca23e6ba8a3c5a346a8b,627077cc5a8c2a01c0f14221,5ebf09a7fe8b200017aeb9eb,2024-11-16 22:30:00,2024-11-12 21:35:31,2024-11-14 1:19:05,8,pm,,,FALSE,,FALSE,22.37,26
671306973737ef7b7274638d,630c218f60c13c01b51b08e5,611af67795f4c501662edb31,2024-10-21 5:30:00,2024-10-19 1:08:39,2024-10-19 7:45:46,8,noc,,2024-10-19 20:32:04,FALSE,,FALSE,22.37,24
67205bebd1dbf55667c56c04,632bcd1a9603d78083929ed4,5c06fe1f61d521000488a0f2,2024-10-29 5:30:00,2024-10-29 3:52:12,2024-10-29 4:19:32,9,noc,,,FALSE,,FALSE,22.59,29
6789606d04e19dea13c08284,6549457c7ff7c6eee56ae2e0,5ebf09a7fe8b200017aeb9eb,2025-01-17 14:30:00,2025-01-16 19:39:26,2025-01-16 22:24:57,8,am,,,FALSE,,FALSE,22.09,26
678dbd72407aea5677fabe66,65f5a31b6b5cf28219da80bf,613a636b4be49701666cf108,2025-01-20 22:30:00,2025-01-20 3:05:23,2025-01-20 8:00:18,8,pm,,,FALSE,,FALSE,23.29,46
67451da3d6b593409e1d6d6a,6646d72153f8a9d7f3a4d23d,6682fbd431094eacf70b20f1,2024-11-29 22:15:00,2024-11-26 1:00:20,2024-11-29 15:47:05,8,pm,,,FALSE,,FALSE,19.76,37
67813c6457a707f131e8c4c9,64ac3cc3deef5579a8353ae2,613a636b4be49701666cf108,2025-01-12 22:30:00,2025-01-10 15:27:33,2025-01-12 15:53:51,8,pm,,,FALSE,,FALSE,26.33,46
6722d614a96a947c70b08fde,636b24907ccb0c3b063a6a6c,5f5bca132f95160016b723ff,2024-11-01 21:30:00,2024-10-31 0:57:57,2024-11-01 6:36:12,9,pm,,,FALSE,,FALSE,21.33,37
6730268d89bfa312848111b1,5c7591979ff98e00161a445e,611af67795f4c501662edb31,2024-11-10 14:30:00,2024-11-10 3:20:46,2024-11-10 13:21:14,8,am,,,FALSE,,FALSE,21.91,24
66f783c91141258d42f6c8a8,650afbddbe202a3a2eb0cb70,5f90996f47378e0016a839b2,2024-09-28 5:30:00,2024-09-28 4:19:21,2024-09-28 4:50:52,8,noc,,,FALSE,,FALSE,28.52,39
6716ff391f835f2783e3dcee,643d890204ac6a540c413cbb,5f90996f47378e0016a839b2,2024-10-22 13:30:00,2024-10-22 1:26:17,2024-10-22 2:12:35,8,am,,2024-10-22 2:56:13,FALSE,,FALSE,24.23,39
6747506ba512988d72cc0038,62225cd7f5f74401a95d8166,5e47201390bc130016bbe03f,2024-11-27 22:30:00,2024-11-27 17:01:31,2024-11-27 18:16:58,8,pm,,,FALSE,,FALSE,20.09,33
67450d5d067bbf8f29bbeaaa,66bee0b893d8c27168364405,61f1d66bcc1e0a018a32786c,2024-12-02 14:30:00,2024-11-25 23:50:54,2024-11-30 8:38:33,8,am,,2024-12-01 14:51:40,FALSE,,FALSE,25.21,36
671473c35c3517c01a6d76af,62e1722798ff4c01b6e49fd8,5ebf09a7fe8b200017aeb9eb,2024-10-20 13:30:00,2024-10-20 3:06:43,2024-10-20 3:20:27,8,am,2024-10-20 3:20:39,,TRUE,,FALSE,21.5,26
674a067143f75c02ad39eb8a,6318d99288cffd66f1d61d3d,61a568e0cb11990185bb97c7,2024-11-29 22:30:00,2024-11-29 18:22:42,2024-11-29 19:37:42,9,pm,,,FALSE,,FALSE,27.07,39
671fcc558ab777040d69095f,67073c09f472d33b68815a37,5c06fe1f61d521000488a0f2,2024-11-29 22:30:00,2024-10-28 17:39:34,2024-11-14 14:55:37,9,pm,,2024-11-27 18:58:41,FALSE,,FALSE,23.03,29
6707015c8ba86ae7af8333b6,5de9873c8a4c0400168b0c83,64790906cb044d01b9691969,2024-10-12 21:00:00,2024-10-09 22:19:08,2024-10-10 19:00:11,8,pm,,2024-10-11 16:40:13,FALSE,,FALSE,24.02,37
67743a75c3aad63f48f0533c,62c8bbac284bdb01c1bf4f0b,611af67795f4c501662edb31,2025-01-11 14:30:00,2024-12-31 18:39:50,2025-01-01 3:29:15,8,am,,2025-01-08 23:23:40,FALSE,,FALSE,22.2,24
67533e4801a902c329eb5fbf,630b0f609ef9cf01b6876d12,6203e9b58fa46801a9ed5f21,2024-12-31 13:00:00,2024-12-06 18:11:20,2024-12-07 5:35:16,8,am,,,FALSE,,FALSE,20.77,31
66f9dc78da8d24fd725c6183,6213c53836bd1501a97c5dbb,64a382260bc9aa01b9ea4c78,2024-09-30 5:00:00,2024-09-29 23:02:17,2024-09-30 4:23:07,10,noc,,,FALSE,,FALSE,22.34,29
670591fd3f37199bf3a2da01,6300375f98dc3401b42be87b,5f2da77e9dc6600016c2d37f,2024-10-09 5:30:00,2024-10-08 20:11:42,2024-10-08 20:16:32,9,noc,,,FALSE,,FALSE,34.8,30
6742987a8fb881da9bc223b7,625ce82be8bf1f01ae56bee0,5ebf09a7fe8b200017aeb9eb,2024-11-24 6:30:00,2024-11-24 3:07:38,2024-11-24 5:22:43,8,noc,,,FALSE,,FALSE,22.64,26
66e4c7d14f9a550bac470c86,6486ae6afdebe497ce5864d0,65428c5eb9ae7bfe06a31fec,2024-10-09 0:00:00,2024-09-13 23:16:34,2024-09-24 22:36:21,12,pm,,,FALSE,,FALSE,32.9,39
66f44a7adc8e411b84cbddfc,66ad7f96d0200bf317f8c141,5e95d5f5cf5e8d001653314e,2024-09-26 6:00:00,2024-09-25 17:38:03,2024-09-25 20:17:44,8,noc,,,FALSE,,FALSE,21.06,37
672709b8fc379fd212f9ba40,64af4f63deef5579a89a9c4f,60257cdc1cd3a100160c67cf,2024-11-03 22:00:00,2024-11-03 5:27:21,2024-11-03 19:26:00,8,pm,,,FALSE,,FALSE,21.75,32
6741cb518c7cdd4914eb0130,62695f98a0811501b63de672,61f1d66bcc1e0a018a32786c,2024-11-23 14:30:00,2024-11-23 12:32:18,2024-11-23 13:16:39,8,am,,,FALSE,,FALSE,26.49,36
66ee38c3e62bb5f43e3bc5b9,630c218f60c13c01b51b08e5,611af67795f4c501662edb31,2024-10-18 21:30:00,2024-09-21 3:08:51,2024-10-14 22:23:13,8,pm,,,FALSE,,FALSE,21.53,24
673e2b05247a15ca4a245eee,6314282a8dc8a801aa6440e3,6203e9b58fa46801a9ed5f21,2024-12-23 1:00:00,2024-11-20 18:31:34,2024-12-21 22:19:28,12,pm,2024-12-21 22:20:15,,TRUE,,FALSE,23.74,31
6782b816096d58d6be74baa4,63475c48fb9a096b9ea521cb,64790906cb044d01b9691969,2025-01-14 14:00:00,2025-01-11 18:27:34,2025-01-12 4:47:10,8,am,,,FALSE,,FALSE,22.68,37
67025a717d25fc7c4061953b,62d789d4695b9901b5ff8f33,611af67795f4c501662edb31,2024-10-06 21:30:00,2024-10-06 9:37:53,2024-10-06 14:32:18,8,pm,,,FALSE,,FALSE,22.21,24
6754b23e36deda6cc29e55f1,66c948f393d8c271684b6169,5e47201390bc130016bbe03f,2024-12-07 22:30:00,2024-12-07 20:38:22,2024-12-07 21:56:43,8,pm,,,FALSE,,FALSE,26.68,33
67409c5f5b32515adbc3fb97,6572e05dd1bbdee1d1097b3b,61c3ac32bc5db301874bf1e5,2024-12-20 22:00:00,2024-11-22 14:59:43,2024-12-20 7:27:39,8,pm,,,FALSE,,FALSE,19.18,28
6776faf04ac5463fcd748cfe,6680bffb0c8bae033dde17a2,5c06fe1f61d521000488a0f2,2025-01-04 7:00:00,2025-01-02 20:45:36,2025-01-03 4:14:32,8,noc,,,FALSE,,FALSE,21.75,29
6754bb396a3a39e433463e4c,6225ac1aeff2df01abe0a9ac,5ebf09a7fe8b200017aeb9eb,2024-12-08 14:30:00,2024-12-07 21:16:42,2024-12-08 1:46:27,8,am,,,FALSE,,FALSE,21.39,26
67819693bd46f2f9603ae560,62b9e3fe59aeeb01c2feff90,62be1df86451d501bef14792,2025-01-12 16:00:00,2025-01-10 21:52:19,2025-01-12 9:13:52,8,am,,,FALSE,,FALSE,26.49,32
675cccff686e8330128d40f6,656b648b7ff7c6eee501f628,622fd7d048ade501b1ab4b15,2024-12-14 2:00:00,2024-12-14 0:10:40,2024-12-14 0:39:22,5,pm,,2024-12-14 0:42:00,FALSE,,FALSE,23.5,41
6706efece0b04c537ff66690,616f3bb54cad3c016b1d9720,5e1ce78827ff480016e9133e,2024-10-16 13:30:00,2024-10-09 21:04:44,2024-10-10 3:06:09,9,am,,,FALSE,,FALSE,21.55,30
6755b46961297ef3227fb9c4,60d6124edcb29f01663528bb,5e95d5f5cf5e8d001653314e,2024-12-08 23:00:00,2024-12-08 14:59:53,2024-12-08 21:18:42,8,pm,,,FALSE,,FALSE,23.4,37
67796e26dd918d4b5cbadc46,62df0203761cff01b9e3e543,617195fe61cfc6016a47a1de,2025-01-04 23:00:00,2025-01-04 17:21:42,2025-01-04 21:26:10,8,pm,,,FALSE,,FALSE,34.6,38
671befd4c0a8c0b780588325,6164438afdd396016a691bcf,5c539532fe63b800166ddb2d,2024-11-03 14:30:00,2024-10-25 19:21:56,2024-10-29 1:24:17,8,am,,2024-10-30 15:39:50,FALSE,,FALSE,20.62,30
67193df511b1e71bb08240b6,64f1705cbe202a3a2e09e4e7,644ad704e30bb601b9ec5b76,2024-11-02 12:00:00,2024-10-23 18:18:29,2024-11-01 20:46:33,12,am,,,FALSE,,FALSE,32.93,39
670c2e15642c9c40efa4cc2b,670031bff472d33b68e86f9e,5ebf09a7fe8b200017aeb9eb,2024-10-15 5:30:00,2024-10-13 20:31:18,2024-10-14 8:20:39,8,noc,,2024-10-14 17:48:19,FALSE,,FALSE,22.41,26
66ec5ec44e32460c4ad6b5b7,61c5545f71790f018574eff0,644ad704e30bb601b9ec5b76,2024-09-24 12:00:00,2024-09-19 17:26:29,2024-09-23 20:23:13,12,am,,,FALSE,,FALSE,34.41,39
672121e0538e8aaf9d8692f0,62b2c410b8e55701c0be7046,65fde23ff14f0eebdc8178d2,2024-11-29 14:30:00,2024-10-29 17:56:48,2024-11-06 18:39:15,8,am,,,FALSE,,FALSE,20.53,32
676dabdd74766d38c076baf2,6659d6a553f8a9d7f35c63e7,611af67795f4c501662edb31,2025-01-03 6:30:00,2024-12-26 19:17:50,2024-12-27 7:19:50,8,noc,,2024-12-31 18:36:09,FALSE,,FALSE,22.35,24
67780b7f8641655642adc7cc,64aca2a3deef5579a839f1a8,5d011e7757d52f00162c9fe1,2025-01-03 22:00:00,2025-01-03 16:08:31,2025-01-03 18:46:45,8,pm,,,FALSE,,FALSE,23.26,24
675c96f5b2ce577dd5309669,646ecf534107b99bc1166353,5ebf09a7fe8b200017aeb9eb,2024-12-14 22:30:00,2024-12-13 20:20:05,2024-12-14 23:35:21,8,pm,,,FALSE,,FALSE,32.53,26
672126eb5beda8c612fea6d5,65ab283f46c06456997cac56,5cb9f07135163900163f532c,2024-11-03 6:00:00,2024-10-29 18:18:20,2024-11-03 5:44:50,9,noc,,,FALSE,,FALSE,35.23,28
6757727485c6bc1c5d321346,675c66ebf75c101b27203200,5c06fe1f61d521000488a0f2,2024-12-28 22:30:00,2024-12-09 22:43:00,2024-12-14 6:41:32,9,pm,,,FALSE,,FALSE,21.47,29
6722dffbe0ea63ac48ab3f2b,64769e68bb6f19b9371799f9,63517288a6775501b7fe1943,2024-11-03 14:00:00,2024-10-31 1:40:11,2024-11-03 6:10:41,8,am,,,FALSE,,FALSE,23.94,38
67051bd2537cf14702dc1fab,65de7097277df9830b76e847,66b3ab3c0e400bcd45f4ae16,2024-10-08 14:00:00,2024-10-08 11:47:30,2024-10-08 12:29:27,8,am,,,FALSE,,FALSE,23.2,31
671a0ade9e0dfa639bda29b3,67073c09f472d33b68815a37,611af67795f4c501662edb31,2024-11-22 14:30:00,2024-10-24 8:52:46,2024-11-02 0:08:45,8,am,,,FALSE,,FALSE,22.25,24
673383f7a8c9fd0d5971a18b,61fc8f78c0118c01989752df,5cb9f07135163900163f532c,2024-11-12 23:00:00,2024-11-12 16:36:07,2024-11-12 20:15:58,8,pm,,,FALSE,,FALSE,20.21,28
66ee390ace12111c27febceb,6281766759109301c15ef45a,611af67795f4c501662edb31,2024-10-24 21:30:00,2024-09-21 3:10:03,2024-09-24 18:38:44,8,pm,,,FALSE,,FALSE,21.7,24
66e1d845f02b90375fab82cb,63040cc2db7cbf01ba86242c,5c06fe1f61d521000488a0f2,2024-09-27 21:30:00,2024-09-11 17:49:58,2024-09-21 20:25:38,9,pm,,,FALSE,,FALSE,20.31,29
675cc13593db0b09c86846a8,657bc138d1bbdee1d1769ab1,617195fe61cfc6016a47a1de,2024-12-14 0:45:00,2024-12-13 23:20:22,2024-12-13 23:58:26,7,pm,,,FALSE,,FALSE,22.96,38
66ee38afd08827ef6a97b4a3,60be8a462c96cd0166ae08d9,611af67795f4c501662edb31,2024-10-16 21:30:00,2024-09-21 3:08:31,2024-09-28 1:01:37,8,pm,,,FALSE,,FALSE,21.66,24
66f5a400e01fd3697b13e974,65a5465a27861cb389c5f009,5c06fe1f61d521000488a0f2,2024-10-03 21:30:00,2024-09-26 18:12:16,2024-09-29 20:19:58,9,pm,,,FALSE,,FALSE,21.81,29
678ae73566a2b70ad4d448d2,62b9278cd320441580a10e5c,5ebf16f8fe8b200017aebe0f,2025-01-20 0:30:00,2025-01-17 23:26:46,2025-01-18 17:29:12,7,pm,,2025-01-18 18:26:57,FALSE,,FALSE,20.75,26
67743a6947c3296814022f38,65039c85be202a3a2ee6da61,611af67795f4c501662edb31,2025-01-10 14:30:00,2024-12-31 18:39:37,2025-01-10 4:54:51,8,am,,,FALSE,,FALSE,25.99,24
670ea470821dd1e5ae648bfe,635bceb07ccb0c3b0645843c,61f1d66bcc1e0a018a32786c,2024-10-20 13:30:00,2024-10-15 17:20:48,2024-10-20 8:02:33,8,am,,,FALSE,,FALSE,32.04,36
67781e49113411d5e224cdd5,61f9d0add6a2b2018a9e14ca,5ebf1773a253570017a27da2,2025-01-03 22:00:00,2025-01-03 17:28:41,2025-01-03 19:00:06,8,pm,,,FALSE,,FALSE,21.87,30
66fb760564d041577c999848,63e2892708d1f56324564177,61ddb491f2fac2018a26712a,2024-10-01 5:00:00,2024-10-01 4:09:41,2024-10-01 4:17:03,8,noc,,2024-10-01 4:29:22,FALSE,,FALSE,25.58,40
675bd8c6cb2591f02258dd7a,6507915cbe202a3a2efcd910,61b3bcab7d820501865eb110,2024-12-13 14:30:00,2024-12-13 6:48:38,2024-12-13 13:21:48,9,am,,,FALSE,,FALSE,20.13,33
675db218292873557b26a03a,62a777fea481bf01bf23cef2,6197b1e6a706b30180020448,2024-12-14 19:00:00,2024-12-14 16:28:08,2024-12-14 17:14:42,8,am,,,FALSE,,FALSE,21.05,34
676f25b93fefa49a460b3332,61d819b1c6ff29018b00abfd,66279a9f14e3560cbf266ec4,2024-12-28 6:00:00,2024-12-27 22:10:02,2024-12-27 23:42:22,8,noc,,,FALSE,,FALSE,22.03,26
66fb0e9afc18615853bc96ac,626b7724e6db0101c5bb0258,615b663fbd4bd10188739177,2024-10-25 13:00:00,2024-09-30 20:48:27,2024-10-25 12:18:52,8,am,,,FALSE,,FALSE,31.44,43
671fcc112b12f49dca9b03d9,64bd5cf4deef5579a8ac21b4,5c06fe1f61d521000488a0f2,2024-11-15 22:30:00,2024-10-28 17:38:25,2024-11-05 22:06:25,9,pm,,,FALSE,,FALSE,21.04,29
675c78ddb955f1a50af9f3e1,6646d72153f8a9d7f3a4d23d,611af67795f4c501662edb31,2024-12-13 18:45:00,2024-12-13 18:11:42,2024-12-13 18:19:51,4,am,,,FALSE,,FALSE,27.3,24
6730268d89bfa312848111b1,6613052a6b5cf28219bfcd9e,611af67795f4c501662edb31,2024-11-10 14:30:00,2024-11-10 3:20:46,2024-11-10 5:25:04,8,am,,,FALSE,,FALSE,21.57,24
67565090589a0af4abba6efd,61fd5a546768b001af175a3f,5e47201390bc130016bbe03f,2024-12-27 6:30:00,2024-12-09 2:06:08,2024-12-10 16:18:53,8,noc,,,FALSE,,FALSE,19.41,33
66edc34a31eed7f3a531c1cc,63481e87fb9a096b9eeebd79,65428c5eb9ae7bfe06a31fec,2024-10-31 12:00:00,2024-09-20 18:47:39,2024-10-04 3:47:41,12,am,,,FALSE,,FALSE,31.08,39
67815d3663d2cf1ef8494059,674e0da885353a62221f4984,61254ca13eea47016699c143,2025-01-11 15:00:00,2025-01-10 17:47:35,2025-01-10 21:23:23,8,am,,2025-01-10 22:51:00,FALSE,,FALSE,21.27,38
66f59e0fe01fd3697b135e8b,63b31958c01b7dd0c762d991,644ad704e30bb601b9ec5b76,2024-10-15 1:00:00,2024-09-26 17:46:55,2024-10-05 0:58:08,12,pm,,2024-10-08 16:42:41,FALSE,,FALSE,32.58,39
67394779a129260277a31ef1,62c8bbac284bdb01c1bf4f0b,641deef039646601c0df8cea,2024-11-17 15:00:00,2024-11-17 1:31:37,2024-11-17 4:17:01,8,am,,,FALSE,,FALSE,20.46,32
67477ef428a0d5d6fb0703cd,61bae39c7586410185875487,5ebf16f8fe8b200017aebe0f,2024-12-12 15:00:00,2024-11-27 20:20:04,2024-11-28 5:34:39,8,am,,,FALSE,,FALSE,21.18,26
6774b1b1c288a2173edb6944,66d39cb293d8c271687ea895,611af67795f4c501662edb31,2025-01-01 4:00:00,2025-01-01 3:08:33,2025-01-01 3:25:50,4,pm,,,FALSE,,FALSE,41.9,24
673648c30eb2b9fa7f769458,63a1eda1c01b7dd0c72d7ff2,5c06fe1f61d521000488a0f2,2024-11-14 22:30:00,2024-11-14 19:00:19,2024-11-14 20:23:56,9,pm,,,FALSE,,FALSE,22.03,29
676f99480ecfb3530aff8f2a,62c86b031a1c8301b7a1fe43,61a568e0cb11990185bb97c7,2024-12-28 14:30:00,2024-12-28 6:23:05,2024-12-28 13:17:27,8,am,,,FALSE,,FALSE,30.57,39
6762ead83354214e2f4f6f06,668a79840c8bae033d6b589e,610c3e4bb0d8850166b2bd41,2024-12-18 16:00:00,2024-12-18 15:31:37,2024-12-18 15:42:31,6,am,,,FALSE,,FALSE,23.71,31
6765f061512fe296f5813199,6436fc7404ac6a540c378aac,6414b0c9c9fddd01b5432519,2024-12-21 0:00:00,2024-12-20 22:32:01,2024-12-20 23:03:45,6,pm,,,FALSE,,FALSE,22.76,46
66f99069ac3b0b488088861f,629109564c30ca01bdfa37bb,5ff4f626909f7a00160d06fd,2024-09-29 21:00:00,2024-09-29 17:37:45,2024-09-29 20:18:11,8,pm,,,FALSE,,FALSE,25.53,31
66fcdcad6be5a6937a282793,62d7798262a30701b704dd84,65f1b8bf2ff976b93afd5d8b,2024-10-02 13:30:00,2024-10-02 5:39:57,2024-10-02 12:28:04,9,am,,2024-10-02 13:09:26,FALSE,,FALSE,22.55,34
672d63ed25bd409f7ca66a8d,6042963ef2c22b0016d60b57,637e71fd4a702e01b5e6261b,2024-11-09 1:00:00,2024-11-08 1:05:50,2024-11-08 4:15:42,12,noc,,2024-11-08 14:12:58,FALSE,,FALSE,33.54,28
672a53e0e14a82ba13dde742,61ad03550a27620185821faf,6203e9b58fa46801a9ed5f21,2024-11-08 13:00:00,2024-11-05 17:20:33,2024-11-07 0:09:50,12,am,,,FALSE,,FALSE,23.19,31
66f71a4a8a30e585b4f42115,658259bcd1bbdee1d1988737,5c539532fe63b800166ddb2d,2024-10-03 5:30:00,2024-09-27 20:49:14,2024-09-29 20:36:15,8,noc,,2024-10-01 18:10:45,FALSE,,FALSE,19.36,30
674a541199a560cd982ed366,61abc696893da30186d8b050,611af67795f4c501662edb31,2024-12-01 14:30:00,2024-11-29 23:53:53,2024-11-30 5:56:07,8,am,2024-11-30 5:56:18,,TRUE,,FALSE,22.84,24
677ac7e0ca3eef05d93e9e3c,62bebe65183a9501c3232f73,61f1d66bcc1e0a018a32786c,2025-01-06 14:30:00,2025-01-05 17:56:48,2025-01-06 0:10:07,8,am,,,FALSE,,FALSE,24.01,36
678d60a4407aea5677f60e9e,614158f0eeeaf60166b359d7,649cab49c4c12701bb7a2350,2025-01-20 6:00:00,2025-01-19 20:29:24,2025-01-19 21:21:36,8,noc,,,FALSE,,FALSE,24.6,31
675c294cd21a95f145b066fc,6226cc9d7b906701abd8f5b3,5f04de7b68380400171fd345,2024-12-13 15:00:00,2024-12-13 12:32:12,2024-12-13 14:21:34,8,am,,,FALSE,,FALSE,19.74,30
67883f942775fdadcc003619,609089121f7b51016650177c,5c06fe1f61d521000488a0f2,2025-01-16 14:30:00,2025-01-15 23:07:01,2025-01-16 5:16:31,9,am,,,FALSE,,FALSE,21.86,29
66f08006d08827ef6abb36e6,6549134d7ff7c6eee5bdb080,5e7266e3759cf60016d86c98,2024-10-21 6:00:00,2024-09-22 20:37:26,2024-10-21 5:26:05,8,noc,,,FALSE,,FALSE,28.77,34
66ecd0eb1ed9d9af26a697bb,6143854b6526530166054953,6397792db6b96101b60b854e,2024-09-30 21:00:00,2024-09-20 1:33:31,2024-09-20 15:03:54,8,pm,2024-09-20 15:04:45,,TRUE,,FALSE,23.25,32
670da9474d6c122d136a76a8,654999d17ff7c6eee5fe194a,5e95d5f5cf5e8d001653314e,2024-10-15 22:00:00,2024-10-14 23:29:11,2024-10-15 4:23:47,8,pm,,2024-10-15 20:11:55,FALSE,,FALSE,22.44,37
66f42d698bd1965591dbfc01,638ecab6c01b7dd0c7514dfb,5e95d5f5cf5e8d001653314e,2024-09-25 22:00:00,2024-09-25 15:34:02,2024-09-25 20:22:15,8,pm,,,FALSE,,FALSE,22.33,37
676baf2730e1798d55309b9e,666a3fa853f8a9d7f319f090,5d011e7757d52f00162c9fe1,2024-12-25 22:00:00,2024-12-25 7:07:20,2024-12-25 15:31:14,8,pm,,,FALSE,,FALSE,22.53,24
66f5d155675233543b56cc43,62de34e080d1c701b54d78e2,5c06fe1f61d521000488a0f2,2024-09-27 13:30:00,2024-09-26 21:25:42,2024-09-27 12:18:42,9,am,,,FALSE,,FALSE,21.43,29
678b3478407aea5677dbf917,629e95fb2ad3fe01bf7a82a2,5ebf09a7fe8b200017aeb9eb,2025-01-18 22:30:00,2025-01-18 4:56:25,2025-01-18 19:22:39,8,pm,,,FALSE,,FALSE,26.2,26
67163cd5459e8e26fad8ac18,643598f2d16cc8d40b17c0cc,5bdb65eb27415b0004330ace,2024-10-21 14:00:00,2024-10-21 11:36:54,2024-10-21 12:20:04,8,am,,,FALSE,,FALSE,24.03,32
671f0c1d08311c3f23eb3ad5,640bb1dec02683c54492e952,5c06fe1f61d521000488a0f2,2024-10-28 13:30:00,2024-10-28 3:59:26,2024-10-28 12:19:29,9,am,,,FALSE,,FALSE,21.91,29
674123958c7cdd4914e4bd8a,65637b607ff7c6eee5715445,6682fbd431094eacf70b20f1,2024-11-23 6:30:00,2024-11-23 0:36:38,2024-11-23 3:46:05,9,noc,,,FALSE,,FALSE,18.91,37
6747958db122747e61a85b1b,65e0e922bb0ca701648529e4,5ebf16f8fe8b200017aebe0f,2024-12-22 7:00:00,2024-11-27 21:56:29,2024-12-10 20:46:12,8,noc,,,FALSE,,FALSE,21.53,26
6750ba2334d8c9bc75d9edd1,658ff7c827861cb389d6b0f8,61254ca13eea47016699c143,2024-12-04 23:00:00,2024-12-04 20:22:59,2024-12-04 21:20:59,8,pm,,,FALSE,,FALSE,21.48,38
66eefe1fd08827ef6aa1c088,62f43ca3d45cff01b7dc564b,61a568e0cb11990185bb97c7,2024-09-22 13:30:00,2024-09-21 17:10:56,2024-09-21 20:22:21,9,am,,,FALSE,,FALSE,24.57,39
672e4f82cd4a190cc5f4f88b,64ee70d33aa6333ac66285b0,65fde23ff14f0eebdc8178d2,2024-11-11 14:30:00,2024-11-08 17:50:59,2024-11-09 22:06:54,8,am,,,FALSE,,FALSE,21.32,32
671c0d2a65df72ebd313e5e1,66fd93c9f472d33b689ff9b6,628439ec1df59901b9c4f568,2024-11-01 13:30:00,2024-10-25 21:27:07,2024-10-26 20:45:08,9,am,,2024-10-29 22:07:14,FALSE,,FALSE,20.85,30
6734f0edeafadff8c04c8061,66135cdf6b5cf28219e77fc3,60e8d8dc9a5c0a016647a652,2024-11-14 14:00:00,2024-11-13 18:33:18,2024-11-14 13:44:58,8,am,,,FALSE,,FALSE,39.83,35
670fe1905047953a88175c20,610316ceeb5383016615b8dc,65428c5eb9ae7bfe06a31fec,2024-11-10 1:00:00,2024-10-16 15:53:52,2024-10-20 17:54:42,12,pm,,2024-10-31 22:48:26,FALSE,,FALSE,32.75,39
6700cb8c7d25fc7c40522a07,5de9450f15fada0016ddc0e6,5ebf16f8fe8b200017aebe0f,2024-10-05 22:00:00,2024-10-05 5:15:57,2024-10-05 12:22:47,8,pm,,,FALSE,,FALSE,20.46,26
671a0c95dbb054d29836e979,61f033e260da81018ac22022,611af67795f4c501662edb31,2024-11-11 22:30:00,2024-10-24 9:00:05,2024-10-24 23:03:38,8,pm,,,FALSE,,FALSE,22.92,24
6753b390d24630061f4a6fab,64d03d0effacc00ad345c9f7,6682fbd431094eacf70b20f1,2024-12-07 22:15:00,2024-12-07 2:31:45,2024-12-07 15:10:32,8,pm,,,FALSE,,FALSE,19.39,37
66f846b71141258d4200c521,6601ca2f6b5cf2821983468a,65f1b8bf2ff976b93afd5d8b,2024-09-29 13:30:00,2024-09-28 18:11:03,2024-09-29 3:12:45,9,am,,,FALSE,,FALSE,22.56,34
6786a00a04cce2ba1832eda9,647d89c2bb6f19b937917b57,64790906cb044d01b9691969,2025-01-15 22:00:00,2025-01-14 17:34:02,2025-01-15 2:43:10,8,pm,,,FALSE,,FALSE,23.02,37
67815f2630d17b5cc68bf3c0,620b4fabf59efb01ac047fb5,6233963a9f423f01aa0b8e0c,2025-01-10 22:00:00,2025-01-10 17:55:50,2025-01-10 19:52:29,8,pm,,,FALSE,,FALSE,25.02,37
675c688d472da1482fefab00,62c35f26782cc101c0cd17ae,611af67795f4c501662edb31,2024-12-14 22:30:00,2024-12-13 17:02:05,2024-12-13 20:28:43,8,pm,,,FALSE,,FALSE,22.01,24
66f2e11b6446b83eca2f2d0f,631c59109603d780833d4759,5cb9f07135163900163f532c,2024-09-29 14:00:00,2024-09-24 15:56:11,2024-09-28 13:38:38,8,am,,,FALSE,,FALSE,19.18,28
6764c8e307386627ca15715e,64fdef7ebe202a3a2eb0b1d8,5e7e2c903bfbb20016504128,2024-12-21 6:30:00,2024-12-20 1:31:15,2024-12-20 18:57:02,8,noc,,2024-12-21 0:01:05,FALSE,,FALSE,19.83,35
67852d5dae4a97689ac2d9e2,6225c606bdb42b01b001888d,5ebf1773a253570017a27da2,2025-01-18 14:00:00,2025-01-13 15:12:29,2025-01-14 7:16:51,8,am,,,FALSE,,FALSE,22.01,30
670ee618cf88c63a1c8c8082,61e77bf3a20a20018a672c59,66279a9f14e3560cbf266ec4,2024-10-16 14:00:00,2024-10-15 22:00:56,2024-10-15 23:42:08,7,am,,,FALSE,,FALSE,22.56,26
677ff8e5775142b84303400c,62d9a9fad31e8801b835dd4d,5c06fe1f61d521000488a0f2,2025-01-12 14:30:00,2025-01-09 16:27:17,2025-01-10 21:59:06,9,am,,2025-01-11 5:03:34,FALSE,,FALSE,22.92,29
66ee38c9d08827ef6a97b900,61aaafb2b3c96c0185070c7a,611af67795f4c501662edb31,2024-10-19 21:30:00,2024-09-21 3:08:57,2024-09-28 1:06:24,8,pm,,,FALSE,,FALSE,22.44,24
6749ffed8a26af714f2eeda5,62911d0ca89f0301bb50977c,61a568e0cb11990185bb97c7,2024-11-30 6:30:00,2024-11-29 17:54:54,2024-11-29 18:23:30,8,noc,,,FALSE,,FALSE,26.6,39
674f390c3b424f84d184b5a1,63741cdb7ccb0c3b0604e459,5cb9f07135163900163f532c,2024-12-03 23:00:00,2024-12-03 16:59:57,2024-12-03 17:37:10,8,pm,,,FALSE,,FALSE,20.02,28
677c18624a560bdf0d3f08fc,66e9eaefded23dfb13ed91bf,65fde23ff14f0eebdc8178d2,2025-01-07 14:30:00,2025-01-06 17:52:34,2025-01-06 21:29:47,8,am,,,FALSE,,FALSE,20.34,32
673e2942b0fb0f37e50a3c4e,62d84e93e2e7c901bb3da83a,637e71fd4a702e01b5e6261b,2024-12-11 13:00:00,2024-11-20 18:24:02,2024-11-24 15:38:39,12,am,,,FALSE,,FALSE,19.67,28
672ee56a3f0e8cbaca017b34,656eb7977ff7c6eee54e9bd0,612e88a59e065601668a13a4,2024-11-09 23:00:00,2024-11-09 4:30:35,2024-11-09 5:27:02,8,pm,,,FALSE,,FALSE,22.55,28
6737a2385139639ae1e99803,6375f73d7ccb0c3b063599b1,613a636b4be49701666cf108,2024-11-15 22:30:00,2024-11-15 19:34:17,2024-11-15 21:21:59,8,pm,,,FALSE,,FALSE,21.66,46
677df1cb5ab8ad5fb49c36f6,63aefbcdc01b7dd0c704d6be,5c06fe1f61d521000488a0f2,2025-01-08 14:30:00,2025-01-08 3:32:28,2025-01-08 12:36:52,9,am,,,FALSE,,FALSE,21.4,29
6764461ea2fc220c2cfad9c3,6389669b3c13855470e79954,611af67795f4c501662edb31,2024-12-19 16:45:00,2024-12-19 16:13:18,2024-12-19 16:29:15,7,am,,,FALSE,,FALSE,27.12,24
6789e44e6cacb94a45d48a63,675f0c8cf75c101b27779a1d,66fc129ed5b34b9bd50b7626,2025-01-17 14:00:00,2025-01-17 5:02:07,2025-01-17 6:18:16,8,am,,,FALSE,,FALSE,24.33,33
674098f787a3693cb6373d1c,622943b55c4b7a03259165d7,61c3ac32bc5db301874bf1e5,2024-12-23 22:00:00,2024-11-22 14:45:12,2024-12-19 16:26:58,8,pm,,,FALSE,,FALSE,18.71,28
6770c2c95b9214031e3db332,6620438eb44011b92c660505,5e1ce78827ff480016e9133e,2024-12-29 6:30:00,2024-12-29 3:32:25,2024-12-29 4:14:59,9,noc,,,FALSE,,FALSE,33.9,30
67096621358d2ccdcae70e2e,64782960bb6f19b937cbc2a0,60257cdc1cd3a100160c67cf,2024-10-12 13:00:00,2024-10-11 17:53:37,2024-10-12 7:49:14,8,am,,,FALSE,,FALSE,22.44,32
670fe1c95047953a88175e23,623dd8bd0dc93801ad3f6b8e,65428c5eb9ae7bfe06a31fec,2024-11-19 1:00:00,2024-10-16 15:54:49,2024-11-06 12:14:36,12,pm,,,FALSE,,FALSE,32.12,39
673da0538a6f650c0ef622d7,627c0513efb13c01c18a13be,61f1d66bcc1e0a018a32786c,2024-11-20 14:30:00,2024-11-20 8:39:48,2024-11-20 13:39:44,8,am,,,FALSE,,FALSE,24.47,36
6746467dac166f5deb8718b2,6617f371b44011b92c4f9ba3,61f1d66bcc1e0a018a32786c,2024-12-07 22:30:00,2024-11-26 22:06:54,2024-11-30 9:42:10,8,pm,,2024-12-04 19:39:32,FALSE,,FALSE,26.46,36
66fc70ebc33d8741152ff24a,64cdc26dffacc00ad38cc129,5c539532fe63b800166ddb2d,2024-10-06 13:30:00,2024-10-01 22:00:12,2024-10-06 6:15:37,8,am,,,FALSE,,FALSE,23.06,30
6774523efe18cca34239f652,635987997ccb0c3b06de6556,61c3ac32bc5db301874bf1e5,2025-01-16 22:00:00,2024-12-31 20:21:19,2025-01-12 4:18:06,8,pm,,,FALSE,,FALSE,18.48,28
672e32269ec7c6c6c6952d2d,631ffabe9603d78083e6afe7,5ebf1773a253570017a27da2,2024-11-17 22:00:00,2024-11-08 15:45:42,2024-11-17 17:35:19,8,pm,,,FALSE,,FALSE,31.59,30
67043a3f7b8bdaa43ed18986,66443cbc5859f42389e31e89,5e95d5f5cf5e8d001653314e,2024-10-10 14:00:00,2024-10-07 19:45:04,2024-10-09 19:29:22,8,am,,2024-10-09 21:21:52,FALSE,,FALSE,22.6,37
676cf10030e1798d55424801,60ffb6bcf443dd01665e5433,6414b0c9c9fddd01b5432519,2024-12-26 14:00:00,2024-12-26 6:00:33,2024-12-26 7:11:47,8,am,,,FALSE,,FALSE,25.84,46
6723cab3261e2b40ee21d9ad,633646d69603d78083f8b7b6,5c539532fe63b800166ddb2d,2024-11-01 13:30:00,2024-10-31 18:21:40,2024-10-31 20:35:00,8,am,,2024-10-31 23:30:56,FALSE,,FALSE,25.98,30
672ba0ebb80ffb3db48f4aa1,6645ed3d53f8a9d7f3ceeb2b,61f1d66bcc1e0a018a32786c,2024-11-10 14:30:00,2024-11-06 17:01:32,2024-11-06 23:21:22,8,am,,,FALSE,,FALSE,26.47,36
67128bf118a869b9aa05a8bf,629109564c30ca01bdfa37bb,5e95d5f5cf5e8d001653314e,2024-10-18 22:00:00,2024-10-18 16:25:22,2024-10-18 21:46:28,8,pm,,,FALSE,,FALSE,23.02,37
6758c59b57feb2f85bca628b,629598dcb8741c01bfb00610,5ebf09a7fe8b200017aeb9eb,2024-12-30 6:30:00,2024-12-10 22:50:04,2024-12-10 22:50:04,8,noc,2024-12-10 22:50:04,,TRUE,,FALSE,21.9,26
6738ecd792eded2566530977,661f8e7eb44011b92c830aa2,5f06247c293f5c00178ae4cf,2024-11-16 22:30:00,2024-11-16 19:04:55,2024-11-16 21:27:13,9,pm,,,FALSE,,FALSE,27.06,30
67044b5e019268311505de42,6686dc8a0c8bae033d30b0e0,615b663fbd4bd10188739177,2024-10-07 21:30:00,2024-10-07 20:58:07,2024-10-07 21:02:58,8,pm,,,FALSE,,FALSE,22.99,43
675c318fd21a95f145b0e86f,67073c09f472d33b68815a37,5e1ce78827ff480016e9133e,2024-12-13 15:00:00,2024-12-13 13:07:28,2024-12-13 13:19:01,8,am,,,FALSE,,FALSE,23.62,30
67215961dd187512061f7bd8,63be02e94b94c3b0e2614a73,628439ec1df59901b9c4f568,2024-11-19 22:30:00,2024-10-29 21:53:37,2024-11-19 17:40:20,8,pm,2024-11-19 17:41:20,,TRUE,,FALSE,25.92,30
674e0537c3fa36b6dc2e9a9f,670c790df472d33b689696a0,5c06fe1f61d521000488a0f2,2024-12-28 22:30:00,2024-12-02 19:06:32,2024-12-07 5:43:07,9,pm,,,FALSE,,FALSE,22.57,29
66f8dc0c1141258d420c47e8,61e3b7981f7079018b53979a,641deef039646601c0df8cea,2024-09-29 14:00:00,2024-09-29 4:48:13,2024-09-29 5:54:10,8,am,,,FALSE,,FALSE,37.18,32
676f22244c059236fe020e3d,67048b6bf472d33b6842c9dd,5ebf09a7fe8b200017aeb9eb,2025-01-02 22:30:00,2024-12-27 21:54:44,2024-12-31 21:29:55,8,pm,,,FALSE,,FALSE,21.34,26
671fde402b12f49dca9c44c1,65ff6c246b5cf28219b60f52,5f3411cd934b8c001618bc0a,2024-10-31 21:30:00,2024-10-28 18:56:00,2024-10-29 2:49:45,8,pm,,2024-10-29 20:04:25,FALSE,,FALSE,21.15,36
6716597610acf2289dcbf87a,637bb317094907a12eb4ea6b,5bdb65eb27415b0004330ace,2024-10-24 21:30:00,2024-10-21 13:39:03,2024-10-21 18:38:06,9,pm,2024-10-21 18:39:13,,TRUE,,FALSE,21.97,32
677452360c8971b2fed95c69,67784945f75c101b27c16433,61c3ac32bc5db301874bf1e5,2025-01-11 22:00:00,2024-12-31 20:21:10,2025-01-08 11:15:23,8,pm,,,FALSE,,FALSE,19.05,28
670da9464d6c122d136a7693,6397a7ddc01b7dd0c792a821,5e95d5f5cf5e8d001653314e,2024-10-15 22:00:00,2024-10-14 23:29:10,2024-10-15 19:05:23,8,pm,,2024-10-15 20:12:01,FALSE,,FALSE,21.62,37
6785440fa37d0be1a4cc66b9,664ba61e53f8a9d7f37c312e,611af67795f4c501662edb31,2025-01-19 23:45:00,2025-01-13 16:49:19,2025-01-13 17:02:42,7,pm,,2025-01-16 18:18:45,FALSE,,FALSE,21.67,24
675b450a7bed3873e084ecba,6456428db13deaf45f5bbffa,65428c5eb9ae7bfe06a31fec,2024-12-17 12:50:00,2024-12-12 20:18:19,2024-12-13 21:02:46,13,am,,,FALSE,,FALSE,32.67,39
66f1a39971113d1aa0c59444,62d9aa4555702201b410842c,637e71fd4a702e01b5e6261b,2024-09-26 0:00:00,2024-09-23 17:21:29,2024-09-23 21:28:43,4,noc,,,FALSE,,FALSE,17.78,28
676e0dd2b2417d5493bd110b,64fca360be202a3a2e222df7,613a636b4be49701666cf108,2024-12-27 6:30:00,2024-12-27 2:15:47,2024-12-27 5:21:25,8,noc,,2024-12-27 5:35:41,FALSE,,FALSE,23.98,46
6751444adef141050d26ff38,6260cb392bb94001acf5d35e,65428c5eb9ae7bfe06a31fec,2024-12-10 1:00:00,2024-12-05 6:12:27,2024-12-06 22:59:12,12,pm,,,FALSE,,FALSE,32.09,39
674f595b6dcd89b09b4eef5d,66d2915e93d8c27168fc5b97,61f1d66bcc1e0a018a32786c,2024-12-08 22:30:00,2024-12-03 19:17:47,2024-12-04 1:36:15,8,pm,,2024-12-05 21:42:30,FALSE,,FALSE,25.29,36
6733b9e3ece4dc115448670f,647e67debb6f19b937c75591,5bdb65eb27415b0004330ace,2024-11-12 22:30:00,2024-11-12 20:26:12,2024-11-12 21:19:38,9,pm,,,FALSE,,FALSE,23.84,32
67241282ba7b9c3ee8ea950f,63b8551fc01b7dd0c72950a7,5ebf09a7fe8b200017aeb9eb,2024-11-01 21:30:00,2024-10-31 23:28:02,2024-11-01 3:09:36,8,pm,,,FALSE,,FALSE,20.94,26
676c51f330e1798d55379736,64a24279deef5579a8bb89ad,6197b1e6a706b30180020448,2024-12-25 19:00:00,2024-12-25 18:41:56,2024-12-25 18:50:57,4,am,,,FALSE,,FALSE,27.53,34
6774525f7bd8ff109d5186b0,656a2f8e7ff7c6eee53aff80,61c3ac32bc5db301874bf1e5,2025-01-20 22:00:00,2024-12-31 20:21:51,2025-01-06 0:00:25,8,pm,,,FALSE,,FALSE,18.59,28
678b3478407aea5677dbf917,636885797ccb0c3b06c0319e,5ebf09a7fe8b200017aeb9eb,2025-01-18 22:30:00,2025-01-18 4:56:25,2025-01-18 18:39:31,8,pm,,,FALSE,,FALSE,25.85,26
66ee9c57d08827ef6a9b8e94,6518b3456d2dc285f3d56a43,5e95d5f5cf5e8d001653314e,2024-09-25 22:00:00,2024-09-21 10:13:43,2024-09-22 5:12:56,8,pm,,,FALSE,,FALSE,21.37,37
674a25928a26af714f323f4b,62fbd22677fc0f01baaa7709,5e1ce78827ff480016e9133e,2024-11-29 23:00:00,2024-11-29 20:35:30,2024-11-29 21:26:36,8,pm,,2024-11-29 21:53:17,FALSE,,FALSE,24.2,30
677c229e5ffe332eb003b7ea,5fa782d70f9dcc00165b364c,613a636b4be49701666cf108,2025-01-06 22:30:00,2025-01-06 18:36:15,2025-01-06 21:26:48,8,pm,,,FALSE,,FALSE,25.45,46
6748d5f0c56a3241b9e32c9c,61fc23a26e479c019ccc84d8,611af67795f4c501662edb31,2024-11-29 6:30:00,2024-11-28 20:43:28,2024-11-28 21:22:12,8,noc,,,FALSE,,FALSE,35.43,24
676f90d9fab901a8e1f31580,64a35de0deef5579a8e60a03,5f2305c10626e100169c6000,2024-12-28 14:30:00,2024-12-28 5:47:05,2024-12-28 9:21:14,9,am,,,FALSE,,FALSE,29.99,42
676f520c8426afc5ca4c7248,64a9dbb0deef5579a8d9c153,5ebf09a7fe8b200017aeb9eb,2024-12-28 6:30:00,2024-12-28 1:19:09,2024-12-28 2:02:45,8,noc,,,FALSE,,FALSE,25.29,26
67262f9c6ab2a5fbb333b850,6434a1ded16cc8d40bfe2ec8,62be1df86451d501bef14792,2024-11-04 15:00:00,2024-11-02 13:56:44,2024-11-02 23:49:28,8,am,,,FALSE,,FALSE,22.62,32
676f22289a2e0f499c60deea,661fb2e6b44011b92c613a7b,5ebf09a7fe8b200017aeb9eb,2025-01-03 22:30:00,2024-12-27 21:54:49,2025-01-03 0:51:49,8,pm,,,FALSE,,FALSE,21.75,26
6734f0edeafadff8c04c8061,635c58747ccb0c3b068fa799,60e8d8dc9a5c0a016647a652,2024-11-14 14:00:00,2024-11-13 18:33:18,2024-11-14 13:38:47,8,am,,,FALSE,,FALSE,39.2,35
672d59779698523e51fbe30c,60b595f0e082a80166937301,5e47201390bc130016bbe03f,2024-11-08 6:30:00,2024-11-08 0:21:11,2024-11-08 0:59:00,8,noc,,2024-11-08 1:06:54,FALSE,,FALSE,21.44,33
670ab1ef642c9c40ef92d973,61421d0237290b01669d8e11,5bce18de63e1a40004b3ddd4,2024-10-12 22:00:00,2024-10-12 17:29:20,2024-10-12 20:17:11,8,pm,,,FALSE,,FALSE,22.88,28
66f7247ce430e1761c5676f4,61abc696893da30186d8b050,5c539532fe63b800166ddb2d,2024-10-04 21:30:00,2024-09-27 21:32:44,2024-09-29 22:03:44,8,pm,,,FALSE,,FALSE,20.04,30
673af2e892eded25666d1192,63ab890bc01b7dd0c74253e4,6179ae4b16096b0169b36fbc,2024-11-18 22:30:00,2024-11-18 7:55:21,2024-11-18 9:26:30,9,pm,,2024-11-18 17:14:19,FALSE,,FALSE,23.62,33
6748c31055d696160a48888b,646feeb94107b99bc1d348ba,5ebf09a7fe8b200017aeb9eb,2024-11-28 22:30:00,2024-11-28 19:22:56,2024-11-28 22:19:33,8,pm,,,FALSE,,FALSE,37.08,26
6702c21ae6ab1b35eb2bfa6e,60cb921b6d609f0166b55f9b,5f4d42e3d621a000165c5cfd,2024-10-07 13:30:00,2024-10-06 17:00:10,2024-10-06 20:18:03,8,am,,2024-10-07 10:31:48,FALSE,,FALSE,21.72,39
67572425d479d566f826bad1,66fb121ff472d33b68b951f6,5ebf09a7fe8b200017aeb9eb,2024-12-20 22:30:00,2024-12-09 17:08:54,2024-12-20 15:55:37,8,pm,,,FALSE,,FALSE,26.47,26
675c56b5bb6000fee0df0a55,653fceb102071e10411b7edb,5e95d5f5cf5e8d001653314e,2024-12-13 17:00:00,2024-12-13 15:45:57,2024-12-13 16:14:08,6,am,,2024-12-13 16:34:41,FALSE,,FALSE,24.16,37
67745497786fb16c2fa06e3e,6247f3e6104f9501b130405d,5ebf09a7fe8b200017aeb9eb,2025-01-06 22:30:00,2024-12-31 20:31:20,2025-01-01 17:47:23,8,pm,,2025-01-06 0:01:34,FALSE,,FALSE,22.83,26
672c4a27cf89c4e1d128a3b6,662a506cb44011b92cc871fb,5d011e7757d52f00162c9fe1,2024-11-07 6:30:00,2024-11-07 5:03:35,2024-11-07 5:16:30,8,noc,,2024-11-07 5:20:00,FALSE,,FALSE,22.89,24
675b7e7973ee964a74f09f3e,65f4005d6b5cf28219bb934b,5bdb65eb27415b0004330ace,2024-12-13 14:30:00,2024-12-13 0:23:21,2024-12-13 5:17:22,9,am,,2024-12-13 8:55:24,FALSE,,FALSE,21.43,32
66e72efa4f9a550bac6d4101,62f87c901035de01b62c6173,5e95d5f5cf5e8d001653314e,2024-09-22 14:00:00,2024-09-15 19:01:14,2024-09-22 2:17:07,8,am,,,FALSE,,FALSE,21.39,37
